Time,A1,A2,A3,A4,A5,A6,A7,A8,B1,B2,B3,B4,B5,B6,B8,C1,C2,C3,C4,C5,C6,C7,C8,D1,D2,D3,D4,D5,D6,D7,D8,E1,E2,E3,E4,E5,E6,E7,E8,F1,F2,F3,F4,F5,F6,F7,F8
10,0.085,0.084,0.085,0.09,0.086,0.087,0.086,0.089,0.085,0.091,0.094,0.09,0.092,0.093,0.085,0.085,0.089,0.091,0.091,0.093,0.094,0.089,0.089,0.085,0.091,0.091,0.092,0.091,0.092,0.09,0.086,0.085,0.089,0.093,0.093,0.092,0.092,0.09,0.086,0.086,0.086,0.087,0.086,0.086,0.086,0.087,0.087
20,0.085,0.085,0.085,0.09,0.086,0.087,0.086,0.089,0.084,0.092,0.093,0.09,0.093,0.093,0.086,0.085,0.09,0.091,0.091,0.093,0.094,0.089,0.089,0.085,0.093,0.091,0.092,0.091,0.092,0.09,0.085,0.085,0.09,0.092,0.093,0.092,0.092,0.089,0.086,0.086,0.086,0.088,0.086,0.087,0.087,0.087,0.087
30,0.085,0.085,0.085,0.09,0.086,0.087,0.086,0.089,0.085,0.092,0.093,0.09,0.092,0.093,0.086,0.085,0.09,0.091,0.091,0.093,0.094,0.089,0.089,0.085,0.093,0.091,0.092,0.091,0.092,0.09,0.085,0.085,0.09,0.093,0.093,0.092,0.092,0.09,0.086,0.086,0.086,0.087,0.086,0.086,0.087,0.087,0.087
40,0.085,0.085,0.085,0.09,0.086,0.087,0.086,0.089,0.084,0.093,0.092,0.09,0.093,0.093,0.086,0.085,0.091,0.091,0.092,0.093,0.094,0.089,0.089,0.085,0.093,0.091,0.092,0.091,0.093,0.09,0.085,0.085,0.09,0.093,0.093,0.092,0.093,0.09,0.086,0.086,0.086,0.087,0.086,0.087,0.087,0.087,0.087
50,0.085,0.085,0.085,0.09,0.086,0.087,0.086,0.089,0.084,0.093,0.093,0.09,0.093,0.093,0.086,0.086,0.091,0.091,0.092,0.093,0.094,0.089,0.089,0.085,0.093,0.09,0.092,0.091,0.093,0.09,0.086,0.085,0.091,0.092,0.093,0.093,0.093,0.09,0.086,0.086,0.086,0.087,0.086,0.087,0.087,0.087,0.087
60,0.085,0.085,0.085,0.09,0.086,0.087,0.086,0.089,0.084,0.094,0.093,0.09,0.093,0.093,0.086,0.085,0.091,0.091,0.092,0.094,0.094,0.089,0.087,0.085,0.094,0.091,0.092,0.092,0.093,0.09,0.085,0.085,0.092,0.092,0.093,0.093,0.093,0.09,0.086,0.086,0.086,0.087,0.086,0.087,0.087,0.087,0.087
70,0.085,0.085,0.085,0.09,0.086,0.087,0.086,0.089,0.084,0.094,0.093,0.09,0.094,0.094,0.085,0.085,0.091,0.091,0.092,0.094,0.095,0.089,0.087,0.085,0.093,0.091,0.092,0.092,0.094,0.09,0.085,0.085,0.091,0.093,0.093,0.093,0.093,0.09,0.086,0.086,0.086,0.087,0.086,0.087,0.087,0.087,0.087
80,0.085,0.085,0.085,0.09,0.086,0.087,0.086,0.089,0.084,0.093,0.093,0.089,0.094,0.094,0.086,0.085,0.091,0.091,0.092,0.094,0.095,0.09,0.087,0.085,0.094,0.091,0.092,0.092,0.094,0.09,0.086,0.085,0.091,0.093,0.093,0.093,0.094,0.09,0.086,0.086,0.086,0.087,0.086,0.087,0.087,0.087,0.087
90,0.085,0.085,0.085,0.09,0.086,0.087,0.087,0.089,0.085,0.093,0.093,0.089,0.095,0.094,0.085,0.085,0.091,0.091,0.092,0.094,0.096,0.089,0.087,0.085,0.095,0.091,0.092,0.093,0.094,0.09,0.085,0.085,0.092,0.093,0.092,0.094,0.094,0.09,0.086,0.086,0.086,0.087,0.086,0.087,0.087,0.087,0.087
100,0.085,0.085,0.085,0.09,0.087,0.087,0.087,0.089,0.085,0.094,0.093,0.09,0.095,0.095,0.085,0.085,0.092,0.091,0.092,0.095,0.096,0.09,0.087,0.085,0.094,0.091,0.092,0.093,0.095,0.09,0.086,0.085,0.092,0.093,0.093,0.094,0.094,0.09,0.086,0.086,0.086,0.087,0.086,0.087,0.087,0.087,0.087
110,0.085,0.085,0.085,0.09,0.086,0.087,0.087,0.089,0.085,0.094,0.093,0.09,0.095,0.095,0.085,0.086,0.092,0.091,0.092,0.095,0.096,0.09,0.087,0.085,0.095,0.091,0.092,0.094,0.096,0.09,0.085,0.085,0.092,0.093,0.094,0.094,0.095,0.09,0.086,0.086,0.086,0.087,0.086,0.087,0.087,0.087,0.087
120,0.085,0.085,0.086,0.09,0.087,0.087,0.087,0.089,0.085,0.095,0.093,0.09,0.096,0.096,0.086,0.086,0.092,0.091,0.092,0.096,0.096,0.09,0.087,0.085,0.095,0.091,0.092,0.094,0.096,0.09,0.085,0.085,0.092,0.092,0.094,0.095,0.095,0.09,0.086,0.086,0.087,0.087,0.086,0.087,0.087,0.087,0.087
130,0.085,0.085,0.086,0.09,0.086,0.087,0.087,0.089,0.085,0.095,0.093,0.09,0.096,0.096,0.086,0.086,0.092,0.091,0.092,0.096,0.097,0.09,0.087,0.085,0.095,0.091,0.092,0.094,0.097,0.09,0.085,0.085,0.092,0.093,0.094,0.095,0.095,0.09,0.086,0.086,0.086,0.087,0.086,0.087,0.087,0.087,0.087
140,0.085,0.085,0.086,0.09,0.086,0.087,0.087,0.089,0.085,0.095,0.094,0.09,0.097,0.097,0.085,0.085,0.092,0.091,0.092,0.096,0.097,0.09,0.087,0.085,0.096,0.092,0.092,0.094,0.097,0.09,0.085,0.085,0.092,0.093,0.093,0.095,0.095,0.09,0.086,0.086,0.086,0.087,0.086,0.087,0.087,0.087,0.087
150,0.085,0.085,0.086,0.09,0.087,0.087,0.087,0.089,0.085,0.095,0.094,0.09,0.097,0.097,0.085,0.085,0.092,0.091,0.092,0.097,0.097,0.09,0.087,0.085,0.095,0.092,0.092,0.095,0.097,0.091,0.086,0.085,0.093,0.094,0.093,0.096,0.096,0.091,0.086,0.086,0.086,0.087,0.086,0.087,0.087,0.087,0.087
160,0.085,0.085,0.085,0.09,0.087,0.087,0.087,0.089,0.085,0.095,0.093,0.09,0.097,0.097,0.085,0.085,0.093,0.091,0.091,0.097,0.098,0.09,0.087,0.085,0.096,0.092,0.092,0.095,0.097,0.091,0.085,0.085,0.093,0.094,0.093,0.096,0.096,0.091,0.086,0.086,0.086,0.087,0.086,0.086,0.086,0.087,0.087
170,0.085,0.085,0.085,0.09,0.087,0.087,0.087,0.089,0.085,0.096,0.093,0.09,0.098,0.098,0.085,0.085,0.093,0.091,0.092,0.097,0.098,0.09,0.087,0.085,0.096,0.091,0.092,0.095,0.097,0.091,0.085,0.085,0.093,0.093,0.093,0.097,0.096,0.091,0.086,0.086,0.086,0.087,0.086,0.087,0.086,0.087,0.087
180,0.085,0.085,0.085,0.09,0.087,0.087,0.087,0.089,0.085,0.096,0.093,0.09,0.098,0.098,0.085,0.086,0.093,0.091,0.091,0.098,0.098,0.09,0.087,0.085,0.096,0.091,0.092,0.096,0.098,0.092,0.085,0.085,0.093,0.093,0.093,0.097,0.096,0.091,0.086,0.086,0.086,0.087,0.086,0.087,0.087,0.087,0.087
190,0.085,0.085,0.085,0.09,0.087,0.088,0.087,0.089,0.085,0.096,0.093,0.09,0.099,0.098,0.085,0.085,0.094,0.091,0.091,0.098,0.099,0.091,0.087,0.085,0.096,0.091,0.091,0.096,0.098,0.092,0.085,0.085,0.093,0.093,0.093,0.097,0.097,0.091,0.086,0.086,0.086,0.087,0.086,0.086,0.086,0.087,0.087
200,0.085,0.085,0.085,0.09,0.087,0.087,0.087,0.089,0.085,0.097,0.093,0.09,0.099,0.099,0.085,0.086,0.094,0.091,0.091,0.098,0.099,0.091,0.087,0.085,0.096,0.09,0.091,0.096,0.098,0.092,0.086,0.085,0.093,0.093,0.092,0.097,0.097,0.091,0.086,0.086,0.086,0.087,0.086,0.086,0.087,0.087,0.087
210,0.085,0.085,0.085,0.09,0.087,0.087,0.087,0.089,0.085,0.097,0.093,0.09,0.099,0.099,0.085,0.085,0.094,0.091,0.091,0.098,0.099,0.091,0.089,0.085,0.097,0.09,0.091,0.096,0.098,0.092,0.086,0.085,0.093,0.092,0.092,0.097,0.097,0.091,0.086,0.086,0.086,0.087,0.086,0.086,0.086,0.087,0.087
220,0.085,0.085,0.085,0.09,0.086,0.087,0.087,0.089,0.085,0.096,0.093,0.09,0.099,0.099,0.085,0.086,0.094,0.091,0.091,0.098,0.099,0.091,0.09,0.085,0.097,0.091,0.092,0.096,0.099,0.092,0.085,0.085,0.093,0.092,0.092,0.097,0.097,0.091,0.086,0.086,0.086,0.087,0.086,0.086,0.086,0.087,0.087
230,0.085,0.085,0.085,0.09,0.087,0.087,0.087,0.089,0.085,0.096,0.093,0.09,0.1,0.1,0.085,0.086,0.094,0.091,0.091,0.099,0.1,0.091,0.089,0.085,0.097,0.09,0.092,0.096,0.099,0.092,0.086,0.085,0.093,0.092,0.092,0.097,0.098,0.091,0.086,0.086,0.086,0.087,0.086,0.086,0.087,0.086,0.087
240,0.085,0.085,0.086,0.09,0.086,0.088,0.087,0.089,0.085,0.097,0.093,0.09,0.1,0.1,0.085,0.085,0.094,0.09,0.091,0.099,0.1,0.091,0.089,0.085,0.097,0.09,0.092,0.097,0.099,0.092,0.085,0.085,0.093,0.092,0.092,0.098,0.098,0.091,0.086,0.086,0.086,0.087,0.086,0.086,0.086,0.087,0.087
250,0.085,0.085,0.086,0.09,0.086,0.087,0.087,0.089,0.085,0.097,0.093,0.09,0.1,0.1,0.085,0.085,0.094,0.09,0.091,0.099,0.1,0.091,0.089,0.085,0.097,0.09,0.092,0.097,0.1,0.092,0.085,0.085,0.093,0.092,0.093,0.098,0.098,0.091,0.086,0.086,0.086,0.087,0.086,0.086,0.087,0.087,0.087
260,0.085,0.085,0.086,0.09,0.086,0.087,0.087,0.089,0.085,0.097,0.093,0.09,0.1,0.101,0.085,0.085,0.094,0.09,0.091,0.099,0.101,0.091,0.089,0.085,0.098,0.09,0.092,0.097,0.1,0.092,0.086,0.085,0.094,0.092,0.093,0.098,0.099,0.091,0.086,0.086,0.086,0.087,0.086,0.086,0.086,0.087,0.087
270,0.085,0.085,0.086,0.09,0.087,0.087,0.087,0.089,0.085,0.097,0.093,0.091,0.101,0.101,0.085,0.085,0.094,0.09,0.092,0.1,0.101,0.092,0.089,0.085,0.098,0.09,0.092,0.097,0.1,0.092,0.086,0.085,0.094,0.092,0.093,0.098,0.099,0.092,0.086,0.086,0.086,0.087,0.086,0.086,0.086,0.087,0.087
280,0.085,0.085,0.086,0.09,0.086,0.087,0.087,0.089,0.085,0.098,0.093,0.091,0.101,0.102,0.085,0.085,0.095,0.091,0.092,0.1,0.101,0.091,0.089,0.085,0.098,0.09,0.092,0.098,0.101,0.092,0.086,0.085,0.094,0.092,0.093,0.099,0.099,0.092,0.086,0.086,0.086,0.087,0.086,0.086,0.087,0.087,0.087
290,0.085,0.085,0.086,0.09,0.086,0.087,0.087,0.089,0.085,0.098,0.093,0.091,0.101,0.102,0.085,0.085,0.095,0.091,0.092,0.1,0.102,0.092,0.089,0.085,0.098,0.09,0.092,0.098,0.101,0.092,0.086,0.085,0.094,0.092,0.093,0.099,0.1,0.092,0.086,0.086,0.086,0.087,0.086,0.086,0.086,0.087,0.087
300,0.085,0.085,0.086,0.09,0.086,0.088,0.087,0.089,0.085,0.098,0.093,0.091,0.102,0.102,0.085,0.085,0.095,0.091,0.092,0.1,0.102,0.091,0.089,0.085,0.099,0.09,0.092,0.098,0.101,0.092,0.086,0.085,0.094,0.092,0.093,0.1,0.1,0.092,0.086,0.086,0.086,0.087,0.086,0.086,0.086,0.087,0.087
310,0.085,0.085,0.086,0.09,0.086,0.087,0.087,0.089,0.085,0.098,0.093,0.091,0.102,0.103,0.085,0.085,0.095,0.091,0.092,0.101,0.102,0.091,0.089,0.085,0.099,0.09,0.092,0.098,0.102,0.092,0.085,0.085,0.095,0.092,0.093,0.1,0.1,0.092,0.086,0.086,0.086,0.087,0.086,0.086,0.086,0.087,0.087
320,0.085,0.085,0.086,0.09,0.086,0.087,0.087,0.089,0.085,0.099,0.094,0.092,0.102,0.103,0.085,0.086,0.096,0.091,0.092,0.101,0.103,0.092,0.09,0.085,0.099,0.091,0.092,0.099,0.102,0.093,0.085,0.085,0.095,0.092,0.093,0.1,0.101,0.092,0.086,0.086,0.086,0.087,0.086,0.086,0.087,0.087,0.087
330,0.085,0.086,0.086,0.09,0.087,0.087,0.087,0.089,0.085,0.099,0.094,0.092,0.103,0.104,0.085,0.086,0.096,0.091,0.092,0.101,0.103,0.092,0.089,0.085,0.099,0.091,0.093,0.099,0.103,0.093,0.086,0.085,0.095,0.092,0.094,0.1,0.101,0.092,0.086,0.086,0.086,0.087,0.086,0.086,0.086,0.087,0.087
340,0.085,0.085,0.086,0.09,0.086,0.087,0.087,0.089,0.085,0.099,0.094,0.092,0.103,0.104,0.085,0.086,0.096,0.091,0.092,0.102,0.104,0.092,0.089,0.085,0.1,0.091,0.093,0.1,0.103,0.093,0.085,0.086,0.095,0.092,0.094,0.101,0.102,0.092,0.086,0.086,0.086,0.087,0.086,0.086,0.086,0.087,0.087
350,0.085,0.086,0.086,0.09,0.087,0.087,0.087,0.089,0.085,0.1,0.094,0.092,0.103,0.105,0.085,0.086,0.097,0.091,0.092,0.102,0.104,0.092,0.089,0.085,0.1,0.091,0.093,0.1,0.104,0.093,0.085,0.086,0.096,0.092,0.094,0.101,0.102,0.092,0.086,0.086,0.086,0.087,0.086,0.086,0.087,0.087,0.087
360,0.085,0.085,0.086,0.09,0.086,0.087,0.087,0.089,0.085,0.1,0.093,0.093,0.104,0.105,0.085,0.086,0.097,0.091,0.093,0.102,0.104,0.092,0.089,0.085,0.101,0.091,0.093,0.1,0.104,0.093,0.085,0.085,0.096,0.092,0.094,0.101,0.102,0.092,0.086,0.086,0.086,0.087,0.086,0.086,0.086,0.087,0.087
370,0.085,0.086,0.086,0.09,0.086,0.087,0.087,0.089,0.085,0.1,0.094,0.093,0.104,0.106,0.085,0.086,0.098,0.091,0.093,0.103,0.105,0.092,0.089,0.085,0.101,0.091,0.093,0.1,0.105,0.093,0.085,0.086,0.096,0.092,0.095,0.102,0.103,0.092,0.086,0.086,0.086,0.087,0.086,0.086,0.087,0.087,0.087
380,0.085,0.085,0.086,0.09,0.086,0.087,0.087,0.089,0.084,0.101,0.094,0.093,0.104,0.106,0.085,0.086,0.098,0.091,0.093,0.103,0.105,0.092,0.089,0.085,0.101,0.091,0.094,0.1,0.105,0.093,0.085,0.085,0.097,0.092,0.095,0.102,0.104,0.093,0.086,0.087,0.086,0.087,0.086,0.086,0.086,0.087,0.087
390,0.085,0.086,0.086,0.09,0.086,0.087,0.087,0.089,0.084,0.101,0.094,0.094,0.105,0.107,0.085,0.085,0.099,0.091,0.094,0.103,0.106,0.092,0.089,0.085,0.101,0.091,0.094,0.101,0.106,0.093,0.085,0.085,0.097,0.093,0.095,0.102,0.104,0.093,0.086,0.086,0.086,0.087,0.086,0.086,0.086,0.087,0.087
400,0.085,0.086,0.086,0.09,0.086,0.087,0.087,0.089,0.085,0.102,0.094,0.095,0.105,0.108,0.085,0.085,0.099,0.091,0.094,0.104,0.106,0.093,0.089,0.085,0.101,0.091,0.094,0.101,0.106,0.093,0.085,0.086,0.097,0.093,0.096,0.103,0.105,0.093,0.086,0.087,0.086,0.087,0.086,0.086,0.086,0.087,0.087
410,0.085,0.085,0.086,0.09,0.086,0.087,0.087,0.089,0.085,0.102,0.094,0.095,0.106,0.108,0.085,0.085,0.099,0.091,0.094,0.104,0.107,0.093,0.089,0.085,0.102,0.091,0.095,0.102,0.107,0.094,0.085,0.085,0.097,0.093,0.096,0.103,0.105,0.093,0.086,0.086,0.086,0.087,0.086,0.086,0.086,0.087,0.087
420,0.085,0.085,0.086,0.09,0.086,0.087,0.087,0.089,0.085,0.103,0.095,0.096,0.106,0.109,0.085,0.085,0.099,0.092,0.095,0.104,0.107,0.093,0.089,0.085,0.102,0.091,0.095,0.102,0.107,0.094,0.085,0.085,0.097,0.093,0.096,0.103,0.106,0.093,0.086,0.086,0.086,0.087,0.086,0.086,0.086,0.087,0.087
430,0.085,0.085,0.086,0.09,0.087,0.087,0.087,0.089,0.085,0.103,0.095,0.097,0.107,0.11,0.085,0.085,0.1,0.092,0.095,0.105,0.108,0.093,0.089,0.085,0.103,0.092,0.096,0.102,0.108,0.094,0.085,0.085,0.098,0.093,0.097,0.104,0.107,0.092,0.086,0.086,0.086,0.087,0.086,0.086,0.086,0.087,0.087
440,0.085,0.085,0.086,0.09,0.086,0.087,0.087,0.089,0.085,0.103,0.095,0.097,0.107,0.11,0.085,0.085,0.101,0.092,0.095,0.105,0.109,0.092,0.089,0.085,0.103,0.092,0.096,0.103,0.109,0.094,0.085,0.085,0.098,0.093,0.097,0.105,0.107,0.092,0.086,0.086,0.086,0.087,0.086,0.087,0.086,0.087,0.087
450,0.085,0.085,0.086,0.09,0.087,0.087,0.087,0.089,0.085,0.104,0.096,0.098,0.108,0.111,0.085,0.085,0.101,0.092,0.096,0.106,0.109,0.092,0.089,0.085,0.103,0.092,0.097,0.103,0.109,0.094,0.085,0.085,0.099,0.094,0.097,0.105,0.108,0.092,0.086,0.086,0.086,0.087,0.086,0.087,0.086,0.087,0.087
460,0.085,0.085,0.086,0.09,0.087,0.087,0.087,0.089,0.085,0.105,0.096,0.098,0.108,0.112,0.085,0.085,0.101,0.092,0.096,0.106,0.11,0.092,0.09,0.085,0.104,0.092,0.097,0.104,0.11,0.094,0.086,0.085,0.099,0.094,0.098,0.105,0.109,0.092,0.086,0.086,0.086,0.087,0.086,0.087,0.086,0.087,0.087
470,0.085,0.085,0.086,0.09,0.086,0.087,0.087,0.089,0.085,0.105,0.096,0.1,0.109,0.113,0.085,0.085,0.102,0.092,0.097,0.107,0.111,0.092,0.089,0.085,0.104,0.092,0.098,0.104,0.111,0.094,0.085,0.085,0.1,0.094,0.099,0.106,0.109,0.091,0.086,0.086,0.086,0.087,0.086,0.087,0.086,0.087,0.087
480,0.085,0.085,0.086,0.09,0.086,0.087,0.087,0.089,0.085,0.106,0.097,0.101,0.11,0.114,0.085,0.085,0.102,0.092,0.097,0.107,0.112,0.091,0.09,0.085,0.105,0.092,0.098,0.105,0.112,0.094,0.086,0.085,0.1,0.094,0.099,0.106,0.111,0.091,0.086,0.086,0.086,0.087,0.086,0.086,0.086,0.087,0.087
490,0.085,0.085,0.086,0.09,0.086,0.087,0.087,0.089,0.085,0.106,0.097,0.101,0.11,0.115,0.085,0.085,0.102,0.092,0.098,0.108,0.113,0.092,0.09,0.085,0.106,0.093,0.099,0.105,0.113,0.093,0.085,0.085,0.101,0.094,0.099,0.107,0.111,0.091,0.086,0.086,0.086,0.087,0.086,0.086,0.086,0.087,0.087
500,0.085,0.086,0.086,0.09,0.086,0.087,0.087,0.089,0.085,0.107,0.097,0.102,0.111,0.116,0.085,0.085,0.102,0.093,0.098,0.108,0.113,0.092,0.089,0.085,0.106,0.093,0.1,0.106,0.113,0.093,0.085,0.085,0.101,0.095,0.1,0.108,0.112,0.092,0.086,0.086,0.086,0.087,0.086,0.087,0.086,0.087,0.087
510,0.085,0.086,0.086,0.09,0.086,0.087,0.087,0.089,0.085,0.107,0.098,0.102,0.112,0.117,0.085,0.085,0.103,0.093,0.099,0.109,0.114,0.091,0.09,0.085,0.106,0.094,0.101,0.107,0.114,0.093,0.086,0.085,0.101,0.095,0.101,0.108,0.113,0.092,0.086,0.086,0.086,0.087,0.086,0.087,0.086,0.087,0.087
520,0.085,0.086,0.086,0.09,0.086,0.087,0.087,0.089,0.085,0.108,0.099,0.103,0.112,0.118,0.085,0.085,0.103,0.093,0.1,0.11,0.115,0.091,0.09,0.085,0.107,0.093,0.101,0.107,0.115,0.093,0.086,0.085,0.102,0.095,0.101,0.109,0.114,0.092,0.086,0.086,0.086,0.087,0.086,0.086,0.086,0.087,0.087
530,0.085,0.086,0.086,0.09,0.086,0.087,0.087,0.089,0.085,0.11,0.099,0.103,0.113,0.119,0.085,0.085,0.103,0.094,0.101,0.11,0.116,0.092,0.09,0.085,0.108,0.094,0.101,0.108,0.116,0.093,0.086,0.085,0.102,0.096,0.102,0.11,0.115,0.092,0.086,0.086,0.086,0.087,0.086,0.086,0.086,0.087,0.087
540,0.085,0.086,0.086,0.09,0.086,0.088,0.087,0.089,0.085,0.11,0.099,0.104,0.114,0.12,0.085,0.085,0.104,0.094,0.102,0.111,0.117,0.092,0.09,0.085,0.108,0.094,0.102,0.109,0.117,0.093,0.085,0.085,0.103,0.096,0.103,0.11,0.116,0.093,0.086,0.086,0.086,0.087,0.086,0.087,0.086,0.087,0.087
550,0.085,0.085,0.086,0.09,0.086,0.087,0.087,0.089,0.085,0.11,0.1,0.105,0.115,0.121,0.085,0.085,0.104,0.095,0.102,0.112,0.118,0.092,0.089,0.085,0.109,0.095,0.103,0.109,0.118,0.093,0.085,0.085,0.103,0.096,0.104,0.111,0.117,0.093,0.086,0.087,0.086,0.087,0.086,0.086,0.086,0.087,0.087
560,0.085,0.085,0.086,0.09,0.086,0.087,0.087,0.089,0.085,0.111,0.101,0.106,0.116,0.122,0.085,0.085,0.104,0.095,0.103,0.112,0.119,0.092,0.09,0.085,0.109,0.095,0.103,0.11,0.119,0.093,0.085,0.085,0.103,0.097,0.104,0.111,0.118,0.093,0.086,0.086,0.086,0.087,0.086,0.086,0.086,0.087,0.087
570,0.085,0.085,0.086,0.09,0.086,0.087,0.087,0.089,0.085,0.112,0.101,0.107,0.116,0.124,0.085,0.085,0.106,0.096,0.104,0.113,0.12,0.093,0.089,0.085,0.11,0.096,0.104,0.111,0.121,0.094,0.085,0.085,0.104,0.097,0.105,0.113,0.119,0.093,0.086,0.086,0.086,0.087,0.086,0.087,0.086,0.087,0.087
580,0.085,0.086,0.086,0.09,0.086,0.087,0.087,0.089,0.085,0.113,0.102,0.107,0.117,0.125,0.085,0.085,0.107,0.096,0.104,0.114,0.121,0.093,0.089,0.085,0.111,0.096,0.105,0.111,0.121,0.094,0.085,0.085,0.104,0.098,0.106,0.113,0.121,0.093,0.086,0.086,0.086,0.087,0.086,0.087,0.086,0.087,0.087
590,0.085,0.086,0.086,0.09,0.086,0.087,0.087,0.089,0.085,0.114,0.101,0.108,0.118,0.126,0.085,0.085,0.108,0.097,0.105,0.115,0.123,0.093,0.089,0.085,0.112,0.097,0.106,0.112,0.123,0.095,0.085,0.085,0.105,0.098,0.106,0.114,0.122,0.094,0.086,0.087,0.086,0.087,0.086,0.087,0.086,0.087,0.087
600,0.085,0.086,0.086,0.09,0.086,0.087,0.087,0.089,0.085,0.114,0.102,0.109,0.119,0.128,0.085,0.085,0.108,0.097,0.106,0.116,0.124,0.094,0.089,0.085,0.113,0.098,0.107,0.113,0.124,0.095,0.086,0.085,0.105,0.099,0.107,0.115,0.123,0.095,0.086,0.086,0.086,0.087,0.086,0.086,0.087,0.087,0.087
610,0.085,0.086,0.086,0.09,0.086,0.087,0.087,0.089,0.085,0.114,0.102,0.11,0.12,0.13,0.085,0.085,0.11,0.098,0.107,0.116,0.125,0.094,0.09,0.085,0.113,0.098,0.108,0.114,0.125,0.095,0.085,0.085,0.106,0.099,0.108,0.116,0.124,0.094,0.086,0.087,0.086,0.087,0.086,0.087,0.086,0.087,0.087
620,0.085,0.085,0.086,0.09,0.086,0.087,0.087,0.089,0.085,0.115,0.103,0.111,0.121,0.131,0.085,0.085,0.11,0.098,0.107,0.117,0.127,0.095,0.089,0.085,0.114,0.098,0.108,0.115,0.127,0.096,0.085,0.085,0.106,0.1,0.108,0.117,0.126,0.095,0.086,0.086,0.086,0.087,0.086,0.086,0.086,0.087,0.087
630,0.085,0.085,0.086,0.09,0.086,0.087,0.087,0.089,0.085,0.116,0.104,0.111,0.122,0.132,0.085,0.085,0.11,0.099,0.108,0.118,0.128,0.095,0.089,0.085,0.115,0.099,0.109,0.116,0.128,0.096,0.085,0.085,0.107,0.101,0.109,0.117,0.128,0.096,0.086,0.086,0.086,0.087,0.086,0.087,0.086,0.087,0.087
640,0.085,0.085,0.086,0.09,0.086,0.087,0.087,0.089,0.085,0.117,0.105,0.113,0.124,0.134,0.085,0.085,0.112,0.099,0.109,0.119,0.13,0.095,0.089,0.085,0.116,0.1,0.111,0.117,0.13,0.096,0.086,0.085,0.108,0.101,0.111,0.118,0.129,0.096,0.086,0.086,0.086,0.087,0.086,0.086,0.086,0.087,0.087
650,0.085,0.085,0.086,0.09,0.086,0.087,0.087,0.089,0.085,0.118,0.105,0.113,0.125,0.136,0.085,0.085,0.112,0.1,0.11,0.12,0.131,0.096,0.09,0.085,0.118,0.101,0.111,0.118,0.131,0.097,0.085,0.085,0.108,0.102,0.11,0.119,0.131,0.096,0.086,0.087,0.086,0.087,0.086,0.087,0.087,0.087,0.087
660,0.085,0.085,0.086,0.09,0.086,0.087,0.087,0.089,0.085,0.119,0.106,0.115,0.126,0.138,0.086,0.085,0.112,0.101,0.11,0.121,0.133,0.096,0.089,0.085,0.118,0.102,0.112,0.118,0.133,0.097,0.085,0.086,0.109,0.103,0.111,0.121,0.132,0.097,0.086,0.086,0.086,0.087,0.086,0.086,0.087,0.087,0.087
670,0.085,0.085,0.086,0.09,0.086,0.087,0.087,0.089,0.085,0.121,0.108,0.117,0.127,0.14,0.085,0.085,0.113,0.101,0.112,0.122,0.135,0.097,0.089,0.085,0.119,0.102,0.113,0.119,0.135,0.097,0.086,0.085,0.11,0.103,0.112,0.121,0.134,0.097,0.086,0.086,0.086,0.087,0.086,0.086,0.087,0.087,0.087
680,0.085,0.086,0.086,0.09,0.086,0.087,0.087,0.089,0.085,0.121,0.108,0.117,0.129,0.142,0.085,0.085,0.115,0.102,0.114,0.123,0.137,0.098,0.09,0.085,0.12,0.103,0.114,0.121,0.136,0.098,0.086,0.085,0.111,0.105,0.115,0.122,0.136,0.098,0.086,0.086,0.086,0.087,0.086,0.086,0.087,0.087,0.087
690,0.085,0.085,0.086,0.09,0.086,0.087,0.087,0.089,0.085,0.122,0.109,0.119,0.13,0.144,0.086,0.085,0.116,0.103,0.113,0.124,0.138,0.097,0.089,0.085,0.121,0.103,0.115,0.122,0.138,0.099,0.086,0.085,0.111,0.105,0.114,0.124,0.137,0.098,0.086,0.086,0.086,0.087,0.086,0.086,0.087,0.087,0.087
700,0.085,0.085,0.086,0.09,0.086,0.087,0.087,0.089,0.085,0.124,0.11,0.12,0.131,0.146,0.085,0.085,0.117,0.104,0.114,0.126,0.14,0.099,0.09,0.085,0.122,0.104,0.116,0.123,0.14,0.099,0.086,0.085,0.113,0.106,0.115,0.125,0.139,0.1,0.086,0.086,0.086,0.087,0.086,0.087,0.086,0.087,0.087
710,0.085,0.085,0.086,0.09,0.086,0.087,0.087,0.089,0.085,0.125,0.111,0.121,0.133,0.148,0.086,0.085,0.116,0.105,0.115,0.127,0.142,0.099,0.09,0.085,0.123,0.105,0.117,0.124,0.142,0.101,0.086,0.085,0.114,0.107,0.116,0.126,0.141,0.099,0.086,0.086,0.086,0.087,0.086,0.087,0.087,0.087,0.087
720,0.085,0.085,0.085,0.09,0.086,0.087,0.087,0.089,0.085,0.128,0.111,0.121,0.134,0.15,0.085,0.085,0.117,0.106,0.116,0.128,0.144,0.099,0.089,0.085,0.124,0.105,0.118,0.125,0.144,0.1,0.086,0.085,0.115,0.107,0.117,0.128,0.143,0.1,0.086,0.086,0.086,0.087,0.086,0.087,0.086,0.087,0.087
730,0.085,0.085,0.086,0.09,0.086,0.087,0.087,0.089,0.085,0.129,0.112,0.123,0.135,0.152,0.085,0.085,0.119,0.106,0.118,0.13,0.146,0.101,0.09,0.085,0.126,0.107,0.12,0.127,0.146,0.101,0.086,0.085,0.116,0.108,0.119,0.129,0.146,0.1,0.086,0.086,0.086,0.087,0.086,0.087,0.087,0.087,0.087
740,0.085,0.086,0.085,0.09,0.086,0.087,0.087,0.089,0.085,0.13,0.113,0.125,0.137,0.155,0.085,0.085,0.121,0.107,0.118,0.131,0.148,0.102,0.089,0.085,0.128,0.108,0.12,0.128,0.148,0.102,0.086,0.085,0.117,0.109,0.119,0.13,0.148,0.101,0.086,0.086,0.086,0.087,0.086,0.086,0.087,0.087,0.087
750,0.085,0.086,0.085,0.09,0.086,0.087,0.087,0.089,0.085,0.134,0.114,0.125,0.139,0.158,0.085,0.085,0.121,0.108,0.12,0.132,0.15,0.101,0.089,0.085,0.129,0.108,0.121,0.129,0.151,0.103,0.085,0.085,0.118,0.11,0.12,0.132,0.15,0.103,0.086,0.086,0.086,0.087,0.086,0.086,0.087,0.087,0.087
760,0.085,0.085,0.085,0.09,0.086,0.087,0.087,0.089,0.085,0.135,0.115,0.127,0.14,0.16,0.085,0.085,0.122,0.108,0.121,0.133,0.153,0.102,0.089,0.085,0.131,0.11,0.122,0.131,0.153,0.103,0.085,0.085,0.119,0.111,0.121,0.133,0.153,0.102,0.086,0.086,0.086,0.087,0.086,0.087,0.087,0.087,0.087
770,0.085,0.086,0.085,0.09,0.086,0.087,0.087,0.089,0.085,0.138,0.115,0.128,0.142,0.163,0.085,0.085,0.123,0.11,0.123,0.135,0.155,0.103,0.09,0.085,0.132,0.11,0.125,0.132,0.155,0.106,0.085,0.085,0.12,0.111,0.124,0.134,0.155,0.103,0.086,0.086,0.086,0.087,0.086,0.086,0.087,0.087,0.087
780,0.085,0.085,0.085,0.09,0.086,0.087,0.087,0.089,0.085,0.141,0.116,0.13,0.144,0.166,0.085,0.085,0.124,0.111,0.123,0.137,0.158,0.102,0.089,0.085,0.134,0.11,0.125,0.134,0.158,0.105,0.085,0.085,0.121,0.112,0.126,0.136,0.158,0.102,0.086,0.086,0.086,0.087,0.086,0.086,0.087,0.087,0.087
790,0.085,0.086,0.085,0.09,0.086,0.087,0.087,0.089,0.085,0.141,0.117,0.134,0.145,0.169,0.085,0.085,0.125,0.111,0.124,0.138,0.161,0.108,0.09,0.085,0.135,0.112,0.126,0.135,0.161,0.105,0.085,0.085,0.122,0.113,0.126,0.137,0.16,0.106,0.086,0.086,0.086,0.087,0.086,0.086,0.087,0.087,0.087
800,0.085,0.085,0.085,0.09,0.086,0.087,0.087,0.089,0.085,0.141,0.118,0.133,0.148,0.172,0.085,0.085,0.125,0.112,0.127,0.14,0.164,0.107,0.089,0.085,0.138,0.113,0.128,0.137,0.163,0.104,0.085,0.085,0.124,0.114,0.127,0.139,0.163,0.105,0.086,0.086,0.086,0.087,0.086,0.087,0.087,0.087,0.087
810,0.085,0.085,0.085,0.09,0.086,0.087,0.087,0.089,0.085,0.144,0.119,0.136,0.149,0.175,0.085,0.085,0.128,0.115,0.13,0.141,0.167,0.104,0.09,0.085,0.139,0.115,0.129,0.138,0.167,0.109,0.085,0.085,0.125,0.115,0.129,0.141,0.166,0.105,0.086,0.086,0.086,0.087,0.086,0.087,0.087,0.087,0.087
820,0.085,0.085,0.085,0.09,0.086,0.087,0.087,0.089,0.085,0.146,0.121,0.137,0.151,0.179,0.085,0.085,0.129,0.114,0.129,0.143,0.17,0.107,0.09,0.085,0.141,0.115,0.131,0.14,0.169,0.107,0.085,0.085,0.126,0.116,0.13,0.143,0.17,0.106,0.086,0.086,0.086,0.087,0.086,0.087,0.087,0.087,0.087
830,0.085,0.085,0.085,0.09,0.086,0.087,0.087,0.089,0.085,0.145,0.122,0.14,0.153,0.182,0.085,0.085,0.13,0.115,0.131,0.145,0.173,0.106,0.09,0.085,0.142,0.115,0.134,0.142,0.172,0.113,0.085,0.085,0.128,0.117,0.132,0.144,0.173,0.109,0.086,0.086,0.086,0.087,0.086,0.087,0.087,0.087,0.087
840,0.085,0.085,0.085,0.09,0.086,0.087,0.087,0.089,0.085,0.147,0.123,0.142,0.156,0.185,0.085,0.085,0.131,0.116,0.132,0.147,0.176,0.11,0.089,0.085,0.143,0.116,0.134,0.144,0.176,0.109,0.085,0.085,0.129,0.118,0.134,0.147,0.176,0.108,0.086,0.086,0.086,0.087,0.085,0.087,0.087,0.087,0.087
850,0.085,0.085,0.085,0.09,0.086,0.087,0.087,0.089,0.085,0.153,0.125,0.144,0.159,0.189,0.085,0.085,0.132,0.119,0.134,0.149,0.18,0.11,0.09,0.085,0.147,0.117,0.135,0.146,0.179,0.11,0.085,0.085,0.132,0.119,0.137,0.149,0.18,0.11,0.086,0.086,0.086,0.087,0.086,0.087,0.087,0.087,0.087
860,0.085,0.085,0.085,0.09,0.086,0.087,0.087,0.089,0.085,0.154,0.126,0.146,0.161,0.193,0.085,0.085,0.134,0.118,0.136,0.151,0.183,0.114,0.089,0.085,0.147,0.118,0.138,0.148,0.183,0.111,0.086,0.085,0.135,0.12,0.139,0.151,0.183,0.111,0.086,0.086,0.086,0.087,0.086,0.087,0.087,0.087,0.087
870,0.085,0.085,0.085,0.09,0.086,0.087,0.087,0.089,0.085,0.154,0.127,0.149,0.163,0.197,0.085,0.085,0.137,0.12,0.142,0.153,0.187,0.115,0.089,0.085,0.151,0.119,0.141,0.15,0.186,0.111,0.085,0.085,0.135,0.122,0.14,0.153,0.186,0.11,0.086,0.086,0.086,0.087,0.086,0.087,0.087,0.087,0.087
880,0.085,0.085,0.085,0.09,0.086,0.087,0.087,0.089,0.085,0.157,0.129,0.153,0.165,0.201,0.085,0.085,0.139,0.121,0.141,0.155,0.19,0.116,0.09,0.085,0.153,0.12,0.142,0.152,0.19,0.115,0.086,0.085,0.135,0.122,0.142,0.155,0.19,0.115,0.086,0.086,0.086,0.087,0.086,0.087,0.087,0.087,0.087
890,0.085,0.085,0.085,0.09,0.086,0.087,0.087,0.089,0.085,0.16,0.129,0.156,0.168,0.206,0.085,0.085,0.141,0.122,0.143,0.158,0.194,0.116,0.089,0.085,0.156,0.121,0.145,0.154,0.194,0.118,0.086,0.085,0.136,0.124,0.146,0.157,0.194,0.116,0.086,0.086,0.086,0.087,0.086,0.087,0.087,0.087,0.087
900,0.085,0.085,0.085,0.09,0.086,0.087,0.087,0.089,0.085,0.162,0.131,0.159,0.171,0.21,0.085,0.085,0.145,0.124,0.145,0.159,0.199,0.114,0.09,0.085,0.16,0.125,0.148,0.157,0.198,0.118,0.085,0.085,0.138,0.125,0.149,0.159,0.198,0.115,0.086,0.086,0.086,0.087,0.086,0.087,0.087,0.087,0.087
910,0.085,0.085,0.085,0.09,0.086,0.087,0.087,0.089,0.085,0.166,0.133,0.163,0.173,0.215,0.085,0.085,0.146,0.124,0.147,0.162,0.203,0.115,0.089,0.085,0.164,0.125,0.148,0.159,0.202,0.121,0.085,0.085,0.139,0.127,0.155,0.162,0.203,0.118,0.086,0.086,0.086,0.087,0.086,0.087,0.087,0.087,0.087
920,0.085,0.085,0.085,0.09,0.086,0.087,0.087,0.089,0.085,0.168,0.134,0.168,0.176,0.22,0.085,0.085,0.149,0.126,0.15,0.165,0.207,0.122,0.089,0.085,0.166,0.126,0.152,0.161,0.206,0.118,0.085,0.085,0.141,0.13,0.154,0.165,0.207,0.117,0.086,0.086,0.086,0.087,0.086,0.087,0.087,0.087,0.087
930,0.085,0.085,0.085,0.09,0.086,0.087,0.087,0.089,0.085,0.173,0.137,0.175,0.179,0.224,0.085,0.085,0.152,0.127,0.153,0.167,0.211,0.12,0.09,0.085,0.168,0.127,0.162,0.164,0.211,0.121,0.086,0.085,0.145,0.129,0.158,0.167,0.212,0.117,0.086,0.086,0.086,0.087,0.086,0.087,0.087,0.087,0.087
940,0.085,0.085,0.085,0.09,0.086,0.087,0.087,0.089,0.085,0.177,0.137,0.178,0.182,0.23,0.085,0.085,0.154,0.129,0.16,0.17,0.216,0.118,0.089,0.085,0.17,0.129,0.159,0.167,0.216,0.124,0.085,0.085,0.146,0.131,0.161,0.17,0.217,0.117,0.086,0.086,0.086,0.087,0.086,0.087,0.087,0.087,0.087
950,0.085,0.085,0.085,0.09,0.086,0.087,0.087,0.089,0.085,0.179,0.139,0.184,0.185,0.235,0.085,0.085,0.157,0.131,0.168,0.173,0.221,0.121,0.09,0.085,0.172,0.13,0.168,0.169,0.22,0.124,0.086,0.085,0.149,0.133,0.166,0.173,0.222,0.132,0.086,0.086,0.086,0.087,0.086,0.087,0.087,0.087,0.087
960,0.085,0.085,0.085,0.09,0.086,0.087,0.087,0.089,0.085,0.185,0.142,0.192,0.19,0.24,0.085,0.085,0.159,0.133,0.168,0.176,0.227,0.122,0.09,0.085,0.173,0.134,0.176,0.173,0.226,0.123,0.085,0.085,0.151,0.135,0.171,0.175,0.227,0.122,0.086,0.086,0.086,0.087,0.086,0.087,0.087,0.087,0.087
970,0.085,0.085,0.085,0.09,0.086,0.087,0.087,0.089,0.085,0.188,0.144,0.2,0.193,0.247,0.085,0.085,0.163,0.134,0.171,0.179,0.232,0.124,0.09,0.085,0.178,0.135,0.176,0.175,0.231,0.124,0.085,0.085,0.153,0.137,0.176,0.178,0.233,0.122,0.086,0.086,0.086,0.087,0.086,0.087,0.087,0.087,0.087
980,0.085,0.085,0.085,0.09,0.086,0.087,0.087,0.089,0.085,0.19,0.147,0.21,0.196,0.253,0.085,0.085,0.166,0.136,0.19,0.182,0.237,0.123,0.09,0.085,0.18,0.136,0.181,0.179,0.237,0.128,0.085,0.085,0.156,0.138,0.183,0.181,0.238,0.126,0.086,0.086,0.087,0.087,0.086,0.087,0.087,0.087,0.087
990,0.085,0.086,0.086,0.09,0.086,0.087,0.087,0.089,0.085,0.194,0.149,0.22,0.2,0.259,0.086,0.085,0.17,0.138,0.194,0.184,0.243,0.125,0.089,0.085,0.183,0.138,0.193,0.181,0.242,0.129,0.086,0.086,0.158,0.141,0.191,0.185,0.244,0.128,0.086,0.086,0.087,0.087,0.086,0.087,0.087,0.087,0.087
1000,0.085,0.085,0.085,0.09,0.086,0.087,0.087,0.089,0.085,0.198,0.153,0.231,0.203,0.266,0.085,0.085,0.172,0.141,0.2,0.188,0.249,0.13,0.09,0.085,0.189,0.142,0.192,0.185,0.248,0.128,0.085,0.085,0.161,0.143,0.2,0.188,0.25,0.127,0.086,0.086,0.086,0.087,0.086,0.087,0.087,0.087,0.087
1010,0.085,0.085,0.085,0.09,0.086,0.087,0.087,0.089,0.085,0.202,0.156,0.243,0.207,0.273,0.086,0.085,0.179,0.143,0.198,0.191,0.255,0.133,0.089,0.085,0.19,0.144,0.22,0.189,0.255,0.13,0.085,0.085,0.163,0.146,0.209,0.191,0.257,0.136,0.086,0.086,0.087,0.087,0.086,0.087,0.087,0.087,0.087
1020,0.085,0.085,0.085,0.09,0.086,0.087,0.087,0.089,0.085,0.206,0.159,0.256,0.211,0.28,0.085,0.085,0.179,0.145,0.206,0.195,0.262,0.131,0.09,0.085,0.191,0.146,0.213,0.192,0.261,0.136,0.085,0.085,0.166,0.148,0.219,0.195,0.263,0.131,0.086,0.086,0.086,0.087,0.086,0.087,0.087,0.087,0.087
1030,0.085,0.085,0.085,0.09,0.086,0.087,0.087,0.089,0.085,0.21,0.163,0.27,0.215,0.288,0.085,0.085,0.185,0.148,0.216,0.198,0.269,0.138,0.089,0.085,0.194,0.149,0.22,0.195,0.268,0.139,0.085,0.085,0.169,0.151,0.229,0.199,0.27,0.137,0.086,0.086,0.087,0.087,0.086,0.087,0.087,0.087,0.087
1040,0.085,0.085,0.085,0.09,0.086,0.087,0.087,0.089,0.085,0.211,0.168,0.315,0.22,0.295,0.085,0.085,0.186,0.152,0.227,0.202,0.275,0.138,0.09,0.085,0.196,0.151,0.232,0.198,0.274,0.138,0.085,0.085,0.172,0.155,0.24,0.202,0.277,0.139,0.086,0.086,0.087,0.087,0.086,0.087,0.087,0.087,0.087
1050,0.085,0.085,0.085,0.09,0.086,0.087,0.087,0.089,0.085,0.205,0.174,0.3,0.224,0.303,0.086,0.085,0.187,0.156,0.238,0.206,0.283,0.141,0.089,0.085,0.2,0.154,0.244,0.202,0.282,0.144,0.085,0.085,0.175,0.158,0.254,0.205,0.284,0.137,0.086,0.086,0.087,0.087,0.086,0.087,0.087,0.087,0.087
1060,0.085,0.085,0.085,0.09,0.086,0.087,0.087,0.089,0.085,0.213,0.179,0.323,0.229,0.311,0.085,0.085,0.191,0.159,0.25,0.209,0.291,0.141,0.09,0.085,0.205,0.158,0.278,0.206,0.289,0.146,0.086,0.085,0.179,0.164,0.266,0.21,0.292,0.142,0.086,0.086,0.086,0.087,0.086,0.087,0.087,0.087,0.087
1070,0.085,0.085,0.085,0.09,0.086,0.087,0.087,0.089,0.085,0.221,0.184,0.343,0.234,0.32,0.085,0.085,0.193,0.161,0.307,0.214,0.298,0.146,0.09,0.085,0.208,0.162,0.298,0.21,0.297,0.143,0.085,0.085,0.181,0.167,0.279,0.217,0.301,0.142,0.086,0.086,0.086,0.087,0.086,0.087,0.087,0.087,0.087
1080,0.085,0.085,0.085,0.09,0.086,0.087,0.087,0.089,0.085,0.225,0.191,0.355,0.239,0.329,0.086,0.085,0.193,0.185,0.276,0.218,0.306,0.144,0.09,0.085,0.212,0.167,0.281,0.214,0.305,0.151,0.085,0.085,0.185,0.172,0.292,0.223,0.308,0.148,0.086,0.086,0.086,0.087,0.086,0.087,0.087,0.087,0.087
1090,0.085,0.085,0.085,0.09,0.086,0.087,0.087,0.089,0.085,0.227,0.199,0.364,0.244,0.339,0.086,0.085,0.199,0.171,0.297,0.223,0.315,0.146,0.09,0.085,0.221,0.174,0.308,0.219,0.314,0.153,0.085,0.085,0.186,0.178,0.307,0.226,0.318,0.146,0.086,0.086,0.086,0.087,0.086,0.087,0.087,0.087,0.087
1100,0.085,0.085,0.085,0.09,0.086,0.087,0.087,0.089,0.085,0.231,0.207,0.385,0.25,0.348,0.085,0.085,0.199,0.18,0.304,0.228,0.324,0.149,0.09,0.085,0.223,0.184,0.326,0.223,0.323,0.158,0.086,0.085,0.19,0.185,0.322,0.237,0.327,0.16,0.086,0.086,0.086,0.087,0.086,0.087,0.087,0.087,0.087
1110,0.085,0.085,0.085,0.09,0.086,0.087,0.087,0.089,0.085,0.247,0.216,0.414,0.256,0.358,0.086,0.085,0.208,0.188,0.319,0.232,0.334,0.151,0.09,0.085,0.229,0.192,0.328,0.228,0.332,0.164,0.085,0.085,0.194,0.192,0.337,0.235,0.336,0.151,0.086,0.086,0.086,0.087,0.086,0.087,0.086,0.087,0.087
1120,0.085,0.085,0.085,0.09,0.086,0.087,0.087,0.089,0.085,0.247,0.237,0.421,0.262,0.368,0.085,0.085,0.208,0.204,0.359,0.238,0.343,0.155,0.089,0.085,0.238,0.2,0.347,0.233,0.342,0.162,0.085,0.085,0.199,0.2,0.354,0.238,0.346,0.154,0.086,0.086,0.086,0.087,0.086,0.087,0.087,0.087,0.087
1130,0.085,0.085,0.085,0.09,0.086,0.087,0.087,0.089,0.085,0.254,0.237,0.442,0.268,0.379,0.085,0.085,0.218,0.211,0.358,0.242,0.352,0.157,0.09,0.085,0.236,0.226,0.362,0.238,0.35,0.159,0.085,0.085,0.206,0.208,0.383,0.244,0.356,0.157,0.086,0.086,0.086,0.087,0.086,0.087,0.087,0.087,0.087
1140,0.085,0.085,0.085,0.09,0.086,0.087,0.087,0.089,0.085,0.264,0.249,0.462,0.275,0.39,0.085,0.085,0.214,0.207,0.382,0.248,0.363,0.162,0.09,0.085,0.245,0.252,0.381,0.243,0.361,0.161,0.085,0.085,0.209,0.219,0.391,0.25,0.367,0.16,0.086,0.086,0.086,0.087,0.086,0.087,0.087,0.087,0.087
1150,0.085,0.085,0.085,0.09,0.086,0.087,0.087,0.089,0.085,0.272,0.281,0.483,0.281,0.402,0.085,0.085,0.217,0.218,0.392,0.254,0.373,0.164,0.09,0.085,0.253,0.221,0.401,0.249,0.372,0.165,0.085,0.085,0.215,0.229,0.412,0.262,0.378,0.164,0.086,0.086,0.086,0.087,0.086,0.087,0.087,0.087,0.087
1160,0.085,0.085,0.086,0.09,0.086,0.087,0.087,0.089,0.085,0.261,0.317,0.506,0.289,0.414,0.086,0.085,0.225,0.228,0.436,0.262,0.383,0.168,0.09,0.085,0.258,0.235,0.424,0.26,0.382,0.168,0.085,0.085,0.215,0.241,0.433,0.266,0.389,0.168,0.086,0.087,0.086,0.088,0.086,0.087,0.087,0.087,0.087
1170,0.085,0.085,0.085,0.09,0.086,0.087,0.087,0.089,0.085,0.264,0.294,0.523,0.295,0.426,0.086,0.085,0.226,0.239,0.433,0.27,0.395,0.171,0.09,0.085,0.261,0.243,0.443,0.27,0.393,0.173,0.085,0.085,0.22,0.254,0.457,0.269,0.399,0.171,0.086,0.086,0.086,0.087,0.086,0.087,0.086,0.087,0.087
1180,0.085,0.085,0.086,0.09,0.086,0.087,0.087,0.089,0.085,0.267,0.304,0.529,0.301,0.439,0.086,0.085,0.242,0.257,0.454,0.277,0.406,0.175,0.089,0.085,0.267,0.256,0.463,0.275,0.405,0.176,0.085,0.085,0.226,0.302,0.473,0.275,0.411,0.175,0.086,0.086,0.086,0.087,0.086,0.087,0.086,0.087,0.087
1190,0.085,0.085,0.085,0.09,0.09,0.087,0.087,0.089,0.085,0.272,0.319,0.533,0.309,0.452,0.086,0.085,0.246,0.289,0.476,0.283,0.419,0.178,0.089,0.085,0.27,0.269,0.481,0.283,0.417,0.179,0.085,0.085,0.232,0.28,0.495,0.281,0.423,0.18,0.086,0.086,0.086,0.087,0.086,0.087,0.086,0.087,0.087
1200,0.085,0.085,0.085,0.09,0.09,0.087,0.087,0.089,0.085,0.278,0.337,0.537,0.318,0.465,0.086,0.085,0.256,0.292,0.494,0.291,0.431,0.183,0.09,0.085,0.276,0.283,0.497,0.289,0.429,0.184,0.085,0.085,0.237,0.326,0.51,0.292,0.435,0.188,0.086,0.087,0.086,0.087,0.086,0.087,0.087,0.087,0.087
1210,0.085,0.085,0.085,0.09,0.09,0.087,0.087,0.089,0.085,0.285,0.354,0.564,0.325,0.479,0.086,0.085,0.267,0.297,0.499,0.296,0.444,0.188,0.09,0.085,0.283,0.313,0.502,0.297,0.442,0.189,0.085,0.085,0.245,0.321,0.516,0.302,0.449,0.188,0.086,0.087,0.086,0.087,0.086,0.087,0.086,0.087,0.087
1220,0.085,0.085,0.086,0.09,0.09,0.087,0.087,0.089,0.085,0.293,0.373,0.556,0.335,0.492,0.085,0.085,0.266,0.307,0.503,0.302,0.457,0.193,0.089,0.085,0.29,0.346,0.505,0.302,0.455,0.194,0.085,0.085,0.249,0.334,0.533,0.31,0.461,0.195,0.086,0.086,0.086,0.087,0.086,0.087,0.086,0.087,0.087
1230,0.085,0.085,0.085,0.09,0.09,0.087,0.087,0.089,0.085,0.3,0.396,0.548,0.344,0.506,0.085,0.085,0.259,0.343,0.506,0.308,0.471,0.198,0.09,0.085,0.299,0.328,0.508,0.304,0.468,0.199,0.085,0.085,0.254,0.339,0.524,0.31,0.475,0.201,0.086,0.086,0.086,0.087,0.086,0.087,0.086,0.087,0.087
1240,0.085,0.085,0.085,0.09,0.09,0.087,0.087,0.089,0.085,0.309,0.406,0.577,0.353,0.522,0.085,0.085,0.264,0.338,0.508,0.315,0.484,0.202,0.09,0.085,0.306,0.346,0.515,0.311,0.483,0.203,0.085,0.085,0.261,0.355,0.527,0.318,0.489,0.206,0.086,0.086,0.086,0.087,0.086,0.087,0.086,0.087,0.087
1250,0.085,0.085,0.085,0.09,0.09,0.087,0.087,0.089,0.085,0.317,0.426,0.554,0.363,0.538,0.085,0.085,0.268,0.362,0.535,0.323,0.498,0.223,0.09,0.085,0.314,0.383,0.545,0.318,0.496,0.209,0.085,0.085,0.266,0.382,0.555,0.325,0.503,0.212,0.086,0.086,0.086,0.087,0.086,0.087,0.086,0.087,0.087
1260,0.085,0.085,0.085,0.09,0.09,0.087,0.087,0.089,0.085,0.325,0.445,0.572,0.373,0.554,0.086,0.085,0.273,0.378,0.514,0.332,0.514,0.214,0.089,0.085,0.322,0.381,0.542,0.326,0.511,0.214,0.085,0.085,0.27,0.392,0.551,0.333,0.518,0.218,0.086,0.086,0.086,0.087,0.086,0.086,0.086,0.087,0.087
1270,0.085,0.085,0.085,0.09,0.09,0.087,0.087,0.089,0.085,0.334,0.465,0.56,0.378,0.571,0.085,0.085,0.28,0.393,0.527,0.34,0.53,0.219,0.09,0.085,0.331,0.401,0.521,0.333,0.527,0.22,0.085,0.085,0.277,0.411,0.55,0.342,0.535,0.224,0.086,0.086,0.086,0.087,0.086,0.086,0.086,0.087,0.087
1280,0.085,0.085,0.085,0.09,0.09,0.087,0.087,0.089,0.085,0.342,0.476,0.563,0.387,0.588,0.086,0.085,0.288,0.412,0.542,0.349,0.545,0.225,0.09,0.085,0.34,0.42,0.52,0.343,0.542,0.227,0.086,0.085,0.285,0.432,0.564,0.351,0.551,0.229,0.086,0.086,0.086,0.087,0.086,0.087,0.086,0.087,0.087
1290,0.085,0.085,0.085,0.09,0.09,0.087,0.087,0.089,0.085,0.351,0.48,0.566,0.398,0.601,0.085,0.085,0.296,0.429,0.532,0.36,0.556,0.231,0.089,0.085,0.349,0.435,0.528,0.354,0.554,0.234,0.085,0.085,0.293,0.451,0.592,0.362,0.568,0.235,0.086,0.086,0.086,0.087,0.086,0.087,0.086,0.087,0.087
1300,0.085,0.085,0.085,0.09,0.09,0.087,0.087,0.089,0.085,0.361,0.484,0.569,0.407,0.606,0.085,0.085,0.304,0.447,0.526,0.369,0.579,0.237,0.09,0.085,0.359,0.451,0.553,0.365,0.577,0.241,0.085,0.085,0.3,0.467,0.562,0.371,0.584,0.242,0.086,0.086,0.086,0.087,0.086,0.087,0.086,0.087,0.087
1310,0.085,0.085,0.085,0.09,0.09,0.087,0.087,0.089,0.085,0.371,0.486,0.571,0.418,0.607,0.085,0.085,0.312,0.453,0.538,0.378,0.587,0.251,0.09,0.085,0.368,0.454,0.526,0.373,0.585,0.247,0.085,0.085,0.308,0.471,0.59,0.381,0.596,0.249,0.086,0.086,0.086,0.087,0.086,0.087,0.086,0.087,0.087
1320,0.085,0.085,0.085,0.09,0.09,0.087,0.087,0.089,0.085,0.382,0.499,0.574,0.43,0.61,0.085,0.085,0.32,0.456,0.525,0.395,0.587,0.258,0.09,0.085,0.379,0.456,0.534,0.386,0.585,0.255,0.085,0.085,0.317,0.475,0.552,0.397,0.598,0.256,0.085,0.086,0.086,0.087,0.086,0.087,0.087,0.087,0.087
1330,0.085,0.085,0.085,0.09,0.09,0.087,0.087,0.089,0.085,0.393,0.495,0.575,0.442,0.613,0.085,0.085,0.328,0.456,0.549,0.4,0.589,0.263,0.09,0.085,0.39,0.458,0.53,0.402,0.586,0.262,0.085,0.085,0.325,0.479,0.555,0.41,0.6,0.262,0.086,0.086,0.086,0.087,0.086,0.087,0.087,0.087,0.087
1340,0.085,0.085,0.085,0.09,0.091,0.087,0.087,0.089,0.085,0.403,0.497,0.578,0.454,0.617,0.085,0.085,0.337,0.459,0.538,0.406,0.588,0.272,0.09,0.085,0.4,0.459,0.532,0.405,0.586,0.269,0.085,0.085,0.334,0.483,0.569,0.417,0.603,0.275,0.086,0.086,0.086,0.087,0.086,0.087,0.087,0.087,0.087
1350,0.085,0.085,0.085,0.09,0.09,0.087,0.087,0.089,0.085,0.415,0.522,0.58,0.466,0.619,0.085,0.085,0.346,0.461,0.531,0.417,0.589,0.276,0.09,0.085,0.412,0.461,0.547,0.409,0.588,0.276,0.085,0.085,0.343,0.486,0.56,0.42,0.606,0.278,0.086,0.086,0.086,0.087,0.086,0.087,0.086,0.087,0.087
1360,0.085,0.085,0.086,0.09,0.09,0.087,0.087,0.089,0.085,0.427,0.516,0.582,0.478,0.623,0.086,0.085,0.356,0.491,0.534,0.428,0.591,0.284,0.09,0.085,0.424,0.467,0.535,0.421,0.589,0.297,0.085,0.085,0.353,0.516,0.575,0.431,0.61,0.286,0.086,0.086,0.086,0.087,0.086,0.087,0.086,0.087,0.087
1370,0.085,0.085,0.085,0.09,0.09,0.087,0.087,0.089,0.085,0.439,0.518,0.583,0.492,0.626,0.085,0.085,0.366,0.462,0.533,0.441,0.592,0.293,0.089,0.085,0.435,0.463,0.536,0.432,0.59,0.307,0.085,0.085,0.362,0.515,0.578,0.443,0.613,0.295,0.085,0.086,0.086,0.087,0.086,0.087,0.086,0.087,0.087
1380,0.085,0.085,0.085,0.09,0.091,0.087,0.087,0.089,0.084,0.452,0.508,0.585,0.506,0.628,0.085,0.085,0.376,0.467,0.534,0.452,0.593,0.302,0.089,0.085,0.448,0.465,0.538,0.444,0.592,0.304,0.085,0.085,0.373,0.501,0.58,0.455,0.616,0.303,0.086,0.086,0.086,0.087,0.086,0.087,0.086,0.087,0.087
1390,0.085,0.085,0.085,0.09,0.09,0.087,0.087,0.089,0.085,0.465,0.52,0.587,0.52,0.632,0.085,0.085,0.386,0.485,0.535,0.465,0.594,0.313,0.089,0.085,0.461,0.473,0.538,0.457,0.593,0.311,0.085,0.085,0.383,0.522,0.582,0.468,0.619,0.312,0.086,0.086,0.086,0.087,0.086,0.086,0.087,0.087,0.087
1400,0.085,0.085,0.085,0.09,0.09,0.087,0.087,0.089,0.084,0.479,0.511,0.589,0.534,0.635,0.085,0.085,0.398,0.482,0.536,0.478,0.595,0.351,0.089,0.085,0.475,0.468,0.539,0.469,0.593,0.321,0.085,0.085,0.394,0.498,0.583,0.481,0.623,0.335,0.086,0.086,0.086,0.087,0.086,0.086,0.087,0.087,0.087
1410,0.085,0.085,0.085,0.09,0.091,0.087,0.087,0.089,0.085,0.494,0.512,0.59,0.541,0.637,0.086,0.085,0.409,0.503,0.537,0.494,0.595,0.333,0.089,0.085,0.489,0.479,0.54,0.484,0.595,0.331,0.085,0.085,0.406,0.5,0.585,0.494,0.626,0.331,0.086,0.086,0.086,0.087,0.086,0.087,0.087,0.087,0.087
1420,0.085,0.085,0.085,0.09,0.09,0.087,0.087,0.089,0.085,0.502,0.515,0.592,0.541,0.64,0.085,0.085,0.421,0.487,0.538,0.496,0.597,0.344,0.089,0.085,0.493,0.47,0.54,0.492,0.596,0.341,0.085,0.085,0.418,0.51,0.588,0.509,0.629,0.34,0.086,0.086,0.086,0.087,0.086,0.087,0.087,0.087,0.087
1430,0.085,0.085,0.085,0.09,0.09,0.087,0.087,0.089,0.085,0.503,0.518,0.594,0.541,0.644,0.086,0.085,0.433,0.47,0.538,0.5,0.597,0.354,0.089,0.085,0.494,0.48,0.541,0.495,0.596,0.355,0.085,0.085,0.429,0.505,0.589,0.521,0.631,0.352,0.086,0.086,0.086,0.087,0.086,0.087,0.087,0.087,0.087
1440,0.085,0.085,0.085,0.09,0.09,0.087,0.087,0.089,0.085,0.506,0.518,0.596,0.543,0.644,0.085,0.085,0.446,0.478,0.538,0.499,0.601,0.367,0.09,0.085,0.497,0.478,0.542,0.495,0.597,0.376,0.085,0.085,0.442,0.512,0.59,0.527,0.634,0.362,0.086,0.086,0.086,0.087,0.086,0.087,0.087,0.087,0.087
1450,0.085,0.085,0.086,0.09,0.091,0.087,0.087,0.089,0.085,0.509,0.52,0.598,0.545,0.646,0.085,0.085,0.459,0.48,0.539,0.498,0.598,0.37,0.09,0.085,0.5,0.474,0.542,0.494,0.597,0.394,0.085,0.085,0.455,0.51,0.592,0.528,0.639,0.368,0.086,0.086,0.086,0.087,0.086,0.087,0.087,0.087,0.087
1460,0.085,0.085,0.085,0.09,0.09,0.087,0.087,0.089,0.085,0.513,0.522,0.6,0.548,0.65,0.085,0.085,0.472,0.477,0.539,0.497,0.598,0.372,0.09,0.085,0.503,0.477,0.542,0.491,0.598,0.402,0.085,0.085,0.469,0.512,0.594,0.528,0.64,0.372,0.086,0.086,0.086,0.087,0.086,0.086,0.086,0.087,0.087
1470,0.085,0.085,0.085,0.09,0.091,0.087,0.087,0.089,0.085,0.515,0.523,0.601,0.55,0.652,0.085,0.085,0.475,0.475,0.54,0.497,0.599,0.374,0.089,0.085,0.506,0.477,0.543,0.493,0.597,0.402,0.085,0.085,0.475,0.513,0.596,0.53,0.642,0.376,0.086,0.086,0.086,0.087,0.086,0.087,0.087,0.087,0.087
1480,0.085,0.085,0.086,0.09,0.091,0.087,0.087,0.089,0.085,0.519,0.525,0.604,0.553,0.654,0.085,0.085,0.476,0.477,0.541,0.496,0.599,0.376,0.09,0.085,0.508,0.478,0.543,0.492,0.598,0.398,0.085,0.085,0.475,0.515,0.598,0.535,0.644,0.379,0.086,0.086,0.086,0.087,0.086,0.086,0.086,0.087,0.087
1490,0.085,0.085,0.085,0.09,0.091,0.087,0.087,0.089,0.085,0.522,0.527,0.606,0.554,0.656,0.085,0.085,0.479,0.477,0.541,0.497,0.599,0.378,0.09,0.085,0.51,0.479,0.544,0.492,0.598,0.396,0.085,0.085,0.478,0.517,0.6,0.536,0.647,0.382,0.086,0.086,0.086,0.087,0.086,0.087,0.087,0.087,0.087
1500,0.085,0.085,0.086,0.09,0.091,0.087,0.087,0.089,0.085,0.524,0.528,0.609,0.557,0.658,0.085,0.085,0.481,0.478,0.541,0.497,0.6,0.379,0.09,0.085,0.513,0.48,0.544,0.493,0.597,0.393,0.085,0.085,0.481,0.518,0.602,0.54,0.648,0.385,0.086,0.086,0.086,0.087,0.086,0.087,0.087,0.087,0.087
1510,0.085,0.085,0.085,0.09,0.091,0.087,0.087,0.089,0.085,0.527,0.531,0.61,0.557,0.66,0.085,0.085,0.485,0.481,0.541,0.497,0.599,0.381,0.09,0.085,0.515,0.481,0.544,0.493,0.598,0.392,0.085,0.085,0.484,0.52,0.604,0.54,0.651,0.388,0.086,0.086,0.086,0.087,0.086,0.087,0.087,0.087,0.087
1520,0.085,0.085,0.085,0.09,0.091,0.087,0.087,0.089,0.085,0.529,0.532,0.612,0.56,0.662,0.085,0.085,0.487,0.479,0.542,0.497,0.599,0.383,0.09,0.085,0.517,0.481,0.545,0.494,0.598,0.393,0.085,0.085,0.487,0.522,0.605,0.543,0.654,0.39,0.086,0.086,0.086,0.087,0.086,0.087,0.087,0.087,0.087
1530,0.085,0.085,0.085,0.09,0.091,0.087,0.087,0.089,0.085,0.531,0.534,0.614,0.561,0.664,0.085,0.085,0.49,0.486,0.541,0.498,0.599,0.384,0.089,0.085,0.519,0.482,0.545,0.493,0.599,0.392,0.085,0.085,0.49,0.524,0.607,0.545,0.654,0.393,0.086,0.086,0.086,0.087,0.086,0.087,0.087,0.087,0.087
1540,0.085,0.085,0.085,0.09,0.091,0.087,0.087,0.089,0.085,0.532,0.535,0.616,0.562,0.666,0.085,0.085,0.493,0.481,0.542,0.497,0.599,0.387,0.089,0.085,0.52,0.483,0.546,0.493,0.599,0.386,0.085,0.085,0.493,0.525,0.61,0.546,0.657,0.395,0.086,0.086,0.086,0.087,0.086,0.087,0.087,0.087,0.087
1550,0.085,0.085,0.085,0.09,0.091,0.087,0.087,0.089,0.085,0.534,0.537,0.616,0.563,0.668,0.085,0.085,0.496,0.481,0.542,0.497,0.599,0.388,0.089,0.085,0.522,0.483,0.546,0.492,0.599,0.388,0.085,0.085,0.494,0.527,0.612,0.548,0.66,0.398,0.086,0.086,0.086,0.087,0.086,0.087,0.087,0.087,0.087
1560,0.085,0.085,0.085,0.09,0.091,0.087,0.087,0.089,0.084,0.536,0.538,0.618,0.565,0.67,0.085,0.085,0.497,0.482,0.542,0.497,0.599,0.391,0.09,0.085,0.524,0.484,0.546,0.493,0.598,0.389,0.085,0.085,0.496,0.528,0.613,0.55,0.662,0.399,0.085,0.086,0.086,0.087,0.086,0.087,0.087,0.087,0.087
1570,0.085,0.085,0.085,0.09,0.091,0.087,0.087,0.089,0.084,0.539,0.54,0.62,0.566,0.672,0.085,0.085,0.498,0.482,0.543,0.496,0.599,0.392,0.09,0.085,0.526,0.485,0.546,0.492,0.598,0.391,0.085,0.085,0.497,0.529,0.614,0.551,0.664,0.401,0.086,0.086,0.086,0.087,0.086,0.087,0.087,0.087,0.087
1580,0.085,0.085,0.085,0.09,0.091,0.087,0.087,0.089,0.085,0.542,0.541,0.622,0.567,0.674,0.085,0.085,0.5,0.483,0.543,0.496,0.6,0.395,0.09,0.085,0.529,0.485,0.547,0.492,0.601,0.393,0.085,0.085,0.499,0.531,0.617,0.552,0.669,0.408,0.086,0.086,0.086,0.087,0.086,0.087,0.087,0.087,0.087
1590,0.085,0.085,0.085,0.09,0.091,0.087,0.087,0.089,0.084,0.544,0.543,0.624,0.568,0.676,0.085,0.085,0.501,0.483,0.543,0.495,0.599,0.396,0.09,0.085,0.531,0.485,0.546,0.493,0.598,0.394,0.085,0.085,0.502,0.532,0.617,0.555,0.668,0.405,0.086,0.086,0.086,0.087,0.086,0.087,0.087,0.087,0.087
1600,0.085,0.085,0.085,0.09,0.091,0.087,0.087,0.089,0.085,0.547,0.545,0.626,0.567,0.677,0.085,0.085,0.503,0.484,0.543,0.495,0.599,0.398,0.09,0.085,0.533,0.486,0.547,0.491,0.598,0.397,0.085,0.085,0.503,0.533,0.62,0.558,0.673,0.404,0.085,0.086,0.086,0.087,0.086,0.087,0.087,0.087,0.087
1610,0.085,0.085,0.085,0.09,0.091,0.087,0.087,0.089,0.084,0.55,0.546,0.627,0.57,0.679,0.085,0.085,0.505,0.484,0.543,0.494,0.599,0.399,0.09,0.085,0.535,0.486,0.547,0.491,0.598,0.398,0.085,0.085,0.505,0.536,0.621,0.555,0.673,0.405,0.086,0.086,0.086,0.087,0.086,0.087,0.087,0.087,0.087
1620,0.085,0.085,0.085,0.09,0.091,0.087,0.087,0.089,0.084,0.552,0.547,0.629,0.57,0.681,0.085,0.085,0.507,0.485,0.544,0.494,0.599,0.402,0.089,0.085,0.538,0.487,0.547,0.49,0.598,0.399,0.085,0.085,0.508,0.537,0.623,0.557,0.673,0.405,0.086,0.086,0.086,0.087,0.086,0.087,0.087,0.087,0.087
1630,0.085,0.085,0.085,0.09,0.09,0.087,0.087,0.089,0.085,0.555,0.549,0.63,0.572,0.681,0.085,0.085,0.51,0.485,0.544,0.493,0.599,0.403,0.09,0.085,0.54,0.487,0.547,0.49,0.599,0.401,0.085,0.085,0.511,0.539,0.625,0.559,0.676,0.405,0.086,0.086,0.086,0.087,0.086,0.087,0.087,0.087,0.087
1640,0.085,0.085,0.085,0.09,0.09,0.087,0.087,0.089,0.085,0.558,0.551,0.631,0.572,0.683,0.085,0.085,0.511,0.485,0.544,0.492,0.599,0.405,0.089,0.085,0.542,0.488,0.548,0.488,0.598,0.402,0.085,0.085,0.514,0.54,0.626,0.558,0.678,0.405,0.086,0.086,0.086,0.087,0.086,0.087,0.087,0.087,0.087
1650,0.085,0.085,0.085,0.09,0.091,0.087,0.087,0.089,0.084,0.56,0.552,0.633,0.571,0.685,0.085,0.085,0.513,0.486,0.544,0.491,0.6,0.406,0.089,0.085,0.544,0.488,0.547,0.488,0.599,0.403,0.085,0.085,0.517,0.541,0.627,0.559,0.679,0.405,0.085,0.086,0.086,0.087,0.086,0.087,0.087,0.087,0.087
1660,0.085,0.085,0.085,0.09,0.091,0.087,0.087,0.089,0.085,0.562,0.554,0.634,0.573,0.687,0.086,0.085,0.516,0.487,0.544,0.491,0.599,0.408,0.089,0.085,0.546,0.489,0.548,0.488,0.598,0.404,0.085,0.085,0.519,0.542,0.628,0.564,0.679,0.406,0.086,0.086,0.086,0.087,0.086,0.087,0.087,0.087,0.087
1670,0.085,0.085,0.085,0.09,0.091,0.087,0.087,0.089,0.084,0.564,0.555,0.635,0.571,0.688,0.085,0.085,0.517,0.487,0.545,0.49,0.599,0.409,0.09,0.085,0.548,0.49,0.548,0.488,0.599,0.406,0.085,0.085,0.522,0.544,0.629,0.559,0.683,0.406,0.086,0.086,0.086,0.087,0.086,0.087,0.087,0.087,0.087
1680,0.085,0.085,0.085,0.09,0.091,0.087,0.087,0.089,0.084,0.566,0.557,0.637,0.572,0.691,0.085,0.085,0.519,0.488,0.544,0.489,0.599,0.41,0.089,0.085,0.55,0.49,0.548,0.486,0.599,0.407,0.085,0.085,0.525,0.545,0.631,0.56,0.683,0.408,0.086,0.086,0.086,0.087,0.086,0.087,0.087,0.087,0.087
1690,0.085,0.085,0.085,0.09,0.091,0.087,0.087,0.089,0.084,0.568,0.557,0.638,0.572,0.69,0.085,0.085,0.521,0.489,0.545,0.488,0.599,0.413,0.089,0.085,0.552,0.491,0.548,0.486,0.598,0.408,0.085,0.085,0.527,0.546,0.632,0.56,0.684,0.409,0.086,0.086,0.086,0.087,0.086,0.087,0.087,0.087,0.087
1700,0.085,0.085,0.085,0.09,0.091,0.087,0.087,0.089,0.084,0.571,0.558,0.64,0.572,0.692,0.085,0.085,0.523,0.488,0.544,0.487,0.599,0.412,0.09,0.085,0.554,0.491,0.549,0.485,0.598,0.409,0.085,0.085,0.53,0.548,0.633,0.561,0.686,0.41,0.086,0.086,0.086,0.087,0.086,0.087,0.087,0.087,0.087
1710,0.085,0.085,0.085,0.09,0.091,0.087,0.087,0.089,0.084,0.573,0.56,0.641,0.571,0.693,0.085,0.085,0.525,0.488,0.545,0.487,0.6,0.413,0.09,0.085,0.555,0.491,0.549,0.484,0.598,0.41,0.085,0.085,0.532,0.548,0.635,0.562,0.687,0.411,0.086,0.086,0.086,0.087,0.086,0.087,0.087,0.087,0.087
1720,0.085,0.085,0.085,0.09,0.091,0.087,0.087,0.089,0.084,0.575,0.561,0.642,0.573,0.695,0.085,0.085,0.527,0.489,0.546,0.486,0.6,0.415,0.09,0.085,0.558,0.492,0.549,0.484,0.598,0.411,0.085,0.085,0.534,0.55,0.636,0.561,0.689,0.414,0.086,0.086,0.086,0.087,0.086,0.087,0.087,0.087,0.087
1730,0.085,0.085,0.085,0.09,0.091,0.087,0.087,0.089,0.084,0.577,0.562,0.643,0.572,0.696,0.085,0.085,0.529,0.49,0.545,0.486,0.599,0.416,0.09,0.085,0.56,0.492,0.549,0.484,0.598,0.412,0.085,0.085,0.537,0.551,0.637,0.56,0.691,0.415,0.086,0.086,0.086,0.087,0.086,0.087,0.087,0.087,0.087
1740,0.085,0.085,0.085,0.09,0.091,0.087,0.087,0.089,0.084,0.579,0.563,0.645,0.572,0.698,0.085,0.085,0.531,0.49,0.546,0.485,0.599,0.417,0.09,0.085,0.561,0.493,0.549,0.482,0.599,0.413,0.085,0.085,0.539,0.553,0.638,0.561,0.692,0.418,0.086,0.086,0.086,0.087,0.086,0.087,0.087,0.087,0.087
1750,0.085,0.085,0.085,0.09,0.091,0.087,0.087,0.089,0.084,0.581,0.565,0.646,0.572,0.698,0.085,0.086,0.533,0.491,0.545,0.485,0.599,0.419,0.09,0.085,0.562,0.493,0.55,0.482,0.598,0.414,0.085,0.085,0.541,0.554,0.64,0.559,0.693,0.419,0.086,0.086,0.086,0.087,0.086,0.087,0.087,0.087,0.087
1760,0.085,0.085,0.085,0.09,0.09,0.087,0.087,0.089,0.084,0.583,0.567,0.646,0.572,0.698,0.085,0.085,0.535,0.491,0.546,0.483,0.598,0.42,0.09,0.085,0.564,0.494,0.55,0.481,0.598,0.415,0.085,0.085,0.543,0.555,0.641,0.56,0.693,0.421,0.086,0.086,0.086,0.087,0.086,0.087,0.087,0.087,0.087
1770,0.085,0.085,0.085,0.09,0.091,0.087,0.087,0.089,0.084,0.585,0.567,0.647,0.571,0.7,0.085,0.085,0.536,0.491,0.546,0.483,0.597,0.421,0.09,0.084,0.566,0.493,0.549,0.48,0.598,0.416,0.085,0.085,0.545,0.556,0.642,0.559,0.694,0.424,0.086,0.086,0.086,0.087,0.086,0.087,0.087,0.087,0.087
1780,0.085,0.085,0.085,0.09,0.091,0.087,0.087,0.089,0.084,0.587,0.568,0.648,0.571,0.7,0.085,0.085,0.538,0.492,0.546,0.483,0.597,0.422,0.089,0.085,0.568,0.494,0.55,0.48,0.597,0.417,0.085,0.085,0.547,0.557,0.643,0.558,0.696,0.426,0.086,0.086,0.086,0.087,0.086,0.087,0.087,0.087,0.087
1790,0.085,0.085,0.085,0.09,0.091,0.087,0.087,0.089,0.084,0.589,0.569,0.651,0.57,0.702,0.085,0.085,0.54,0.493,0.547,0.482,0.598,0.424,0.089,0.084,0.569,0.494,0.55,0.479,0.597,0.419,0.085,0.085,0.549,0.558,0.644,0.558,0.696,0.429,0.086,0.086,0.086,0.087,0.086,0.087,0.087,0.087,0.087
1800,0.085,0.085,0.085,0.09,0.091,0.087,0.087,0.089,0.085,0.592,0.57,0.651,0.569,0.702,0.085,0.085,0.542,0.493,0.547,0.481,0.598,0.425,0.09,0.084,0.571,0.495,0.55,0.478,0.597,0.42,0.085,0.085,0.551,0.56,0.645,0.558,0.697,0.431,0.086,0.086,0.086,0.087,0.086,0.087,0.087,0.087,0.087
1810,0.085,0.085,0.085,0.09,0.091,0.087,0.087,0.089,0.085,0.593,0.571,0.652,0.569,0.704,0.085,0.085,0.543,0.494,0.547,0.481,0.597,0.426,0.089,0.084,0.573,0.495,0.55,0.477,0.599,0.421,0.085,0.085,0.554,0.561,0.646,0.557,0.698,0.433,0.086,0.086,0.086,0.087,0.086,0.087,0.087,0.087,0.087
1820,0.085,0.085,0.085,0.09,0.091,0.087,0.087,0.089,0.084,0.596,0.573,0.653,0.568,0.705,0.085,0.085,0.545,0.493,0.546,0.479,0.598,0.428,0.089,0.084,0.574,0.496,0.551,0.475,0.598,0.423,0.085,0.085,0.556,0.562,0.646,0.556,0.7,0.436,0.086,0.086,0.086,0.087,0.086,0.087,0.087,0.087,0.087
1830,0.085,0.085,0.085,0.09,0.091,0.087,0.087,0.089,0.085,0.598,0.574,0.654,0.568,0.705,0.085,0.085,0.546,0.494,0.547,0.478,0.597,0.428,0.09,0.084,0.577,0.496,0.551,0.475,0.597,0.424,0.085,0.085,0.557,0.563,0.648,0.556,0.7,0.438,0.086,0.086,0.086,0.087,0.086,0.087,0.087,0.087,0.087
1840,0.085,0.085,0.085,0.09,0.091,0.087,0.087,0.089,0.084,0.6,0.575,0.655,0.568,0.707,0.085,0.085,0.549,0.494,0.546,0.478,0.598,0.431,0.089,0.085,0.578,0.497,0.551,0.477,0.598,0.425,0.085,0.085,0.56,0.564,0.649,0.556,0.702,0.441,0.086,0.086,0.086,0.087,0.086,0.087,0.087,0.087,0.087
1850,0.085,0.085,0.085,0.09,0.091,0.087,0.087,0.089,0.084,0.602,0.576,0.656,0.567,0.707,0.085,0.085,0.55,0.494,0.548,0.477,0.598,0.431,0.09,0.084,0.58,0.498,0.551,0.476,0.597,0.426,0.085,0.085,0.562,0.565,0.649,0.556,0.703,0.444,0.085,0.086,0.086,0.087,0.086,0.087,0.087,0.087,0.087
1860,0.085,0.085,0.085,0.09,0.091,0.087,0.087,0.089,0.085,0.604,0.578,0.656,0.566,0.709,0.085,0.085,0.551,0.495,0.547,0.476,0.596,0.433,0.09,0.084,0.582,0.497,0.551,0.473,0.597,0.428,0.085,0.085,0.564,0.567,0.651,0.555,0.705,0.445,0.085,0.086,0.086,0.087,0.086,0.087,0.087,0.087,0.087
1870,0.085,0.085,0.085,0.09,0.091,0.087,0.087,0.089,0.085,0.607,0.579,0.657,0.566,0.71,0.085,0.085,0.553,0.495,0.547,0.476,0.596,0.435,0.09,0.085,0.584,0.498,0.551,0.473,0.597,0.43,0.085,0.085,0.566,0.568,0.652,0.555,0.705,0.448,0.086,0.086,0.086,0.087,0.086,0.087,0.087,0.087,0.087
1880,0.085,0.085,0.085,0.09,0.09,0.087,0.087,0.089,0.084,0.609,0.579,0.659,0.567,0.71,0.085,0.085,0.555,0.495,0.547,0.476,0.598,0.436,0.09,0.084,0.586,0.498,0.551,0.473,0.597,0.431,0.085,0.085,0.568,0.569,0.653,0.555,0.706,0.45,0.086,0.086,0.086,0.087,0.086,0.087,0.087,0.087,0.087
1890,0.085,0.085,0.085,0.09,0.091,0.087,0.087,0.089,0.084,0.61,0.58,0.66,0.566,0.711,0.085,0.085,0.556,0.502,0.547,0.474,0.597,0.437,0.09,0.085,0.588,0.499,0.552,0.471,0.597,0.433,0.085,0.085,0.57,0.57,0.654,0.555,0.707,0.452,0.085,0.086,0.086,0.087,0.086,0.087,0.087,0.087,0.087
1900,0.085,0.085,0.085,0.09,0.091,0.087,0.087,0.09,0.085,0.613,0.582,0.661,0.566,0.711,0.085,0.086,0.558,0.497,0.548,0.473,0.596,0.439,0.089,0.084,0.589,0.499,0.552,0.471,0.598,0.434,0.085,0.085,0.572,0.572,0.655,0.554,0.707,0.455,0.086,0.086,0.086,0.087,0.086,0.087,0.087,0.087,0.087
1910,0.085,0.085,0.085,0.09,0.091,0.087,0.087,0.089,0.085,0.615,0.583,0.661,0.565,0.712,0.085,0.085,0.56,0.497,0.547,0.472,0.596,0.441,0.089,0.085,0.591,0.499,0.552,0.47,0.596,0.435,0.085,0.085,0.574,0.573,0.656,0.554,0.707,0.456,0.086,0.086,0.086,0.087,0.086,0.087,0.087,0.087,0.087
1920,0.085,0.085,0.085,0.09,0.091,0.087,0.087,0.089,0.084,0.617,0.584,0.663,0.566,0.713,0.085,0.085,0.561,0.498,0.548,0.472,0.597,0.442,0.089,0.084,0.592,0.499,0.551,0.468,0.597,0.437,0.085,0.085,0.577,0.574,0.657,0.553,0.709,0.458,0.086,0.086,0.086,0.087,0.086,0.087,0.087,0.087,0.087
1930,0.085,0.085,0.085,0.09,0.091,0.087,0.087,0.089,0.084,0.619,0.585,0.663,0.566,0.715,0.085,0.085,0.563,0.498,0.548,0.471,0.597,0.443,0.089,0.084,0.594,0.5,0.552,0.468,0.596,0.438,0.085,0.085,0.578,0.575,0.658,0.553,0.71,0.461,0.085,0.086,0.086,0.087,0.086,0.087,0.087,0.087,0.087
1940,0.085,0.085,0.085,0.09,0.091,0.087,0.087,0.089,0.084,0.621,0.586,0.665,0.566,0.715,0.085,0.085,0.565,0.498,0.548,0.47,0.596,0.445,0.089,0.084,0.596,0.501,0.552,0.467,0.596,0.44,0.085,0.085,0.58,0.577,0.659,0.553,0.711,0.463,0.086,0.086,0.086,0.087,0.086,0.087,0.087,0.087,0.087
1950,0.085,0.085,0.085,0.09,0.091,0.087,0.087,0.089,0.084,0.624,0.587,0.665,0.564,0.716,0.085,0.085,0.566,0.499,0.548,0.47,0.597,0.446,0.089,0.084,0.598,0.5,0.552,0.467,0.596,0.442,0.085,0.085,0.582,0.578,0.66,0.553,0.711,0.465,0.086,0.086,0.086,0.087,0.086,0.087,0.087,0.087,0.087
1960,0.085,0.085,0.085,0.09,0.09,0.087,0.087,0.089,0.084,0.625,0.589,0.668,0.563,0.716,0.085,0.085,0.568,0.498,0.548,0.469,0.596,0.447,0.089,0.084,0.6,0.501,0.552,0.466,0.596,0.442,0.085,0.085,0.585,0.579,0.66,0.553,0.712,0.466,0.085,0.086,0.086,0.087,0.086,0.087,0.087,0.087,0.087
1970,0.085,0.085,0.085,0.09,0.091,0.087,0.087,0.089,0.084,0.627,0.589,0.667,0.565,0.717,0.085,0.085,0.57,0.499,0.548,0.468,0.596,0.449,0.09,0.084,0.601,0.502,0.552,0.465,0.596,0.445,0.085,0.085,0.587,0.579,0.662,0.553,0.712,0.469,0.086,0.086,0.087,0.087,0.086,0.087,0.087,0.087,0.087
1980,0.085,0.085,0.085,0.09,0.091,0.087,0.087,0.089,0.084,0.629,0.591,0.669,0.564,0.719,0.085,0.085,0.571,0.499,0.549,0.467,0.596,0.45,0.089,0.084,0.603,0.502,0.553,0.465,0.596,0.446,0.085,0.085,0.589,0.581,0.663,0.553,0.713,0.47,0.086,0.086,0.087,0.087,0.086,0.087,0.087,0.087,0.087
1990,0.085,0.085,0.085,0.09,0.09,0.087,0.087,0.089,0.084,0.631,0.592,0.67,0.565,0.718,0.085,0.085,0.573,0.499,0.55,0.466,0.595,0.451,0.089,0.084,0.605,0.503,0.553,0.464,0.596,0.446,0.085,0.085,0.591,0.582,0.663,0.554,0.714,0.472,0.085,0.086,0.086,0.087,0.086,0.087,0.087,0.087,0.087
2000,0.085,0.085,0.085,0.09,0.091,0.087,0.087,0.089,0.084,0.633,0.593,0.67,0.564,0.721,0.085,0.085,0.574,0.5,0.549,0.466,0.598,0.452,0.089,0.084,0.606,0.503,0.553,0.463,0.597,0.448,0.085,0.085,0.593,0.583,0.665,0.553,0.714,0.473,0.086,0.086,0.086,0.087,0.086,0.087,0.087,0.087,0.087
2010,0.085,0.085,0.085,0.09,0.091,0.087,0.087,0.089,0.084,0.635,0.595,0.672,0.564,0.72,0.085,0.085,0.576,0.501,0.548,0.466,0.596,0.454,0.089,0.084,0.608,0.502,0.553,0.462,0.595,0.45,0.085,0.085,0.595,0.585,0.666,0.553,0.715,0.475,0.086,0.086,0.086,0.087,0.086,0.087,0.087,0.087,0.087
2020,0.085,0.085,0.085,0.09,0.09,0.087,0.087,0.089,0.084,0.636,0.595,0.672,0.564,0.721,0.085,0.085,0.577,0.501,0.549,0.465,0.596,0.455,0.089,0.085,0.609,0.503,0.553,0.463,0.595,0.451,0.085,0.085,0.598,0.586,0.667,0.553,0.716,0.476,0.086,0.086,0.086,0.087,0.086,0.087,0.087,0.087,0.087
2030,0.085,0.085,0.085,0.09,0.091,0.087,0.087,0.089,0.084,0.638,0.596,0.673,0.564,0.721,0.085,0.085,0.579,0.501,0.549,0.464,0.597,0.457,0.089,0.084,0.611,0.503,0.553,0.462,0.595,0.452,0.085,0.085,0.599,0.587,0.667,0.553,0.717,0.478,0.085,0.086,0.086,0.087,0.086,0.087,0.087,0.087,0.087
2040,0.085,0.085,0.086,0.09,0.091,0.087,0.087,0.09,0.084,0.639,0.598,0.675,0.564,0.723,0.085,0.085,0.581,0.501,0.549,0.463,0.595,0.458,0.089,0.084,0.612,0.503,0.553,0.461,0.594,0.454,0.085,0.085,0.601,0.588,0.668,0.554,0.717,0.48,0.086,0.086,0.086,0.087,0.086,0.087,0.087,0.087,0.087
2050,0.085,0.085,0.085,0.09,0.09,0.087,0.087,0.089,0.085,0.642,0.599,0.675,0.564,0.723,0.085,0.085,0.582,0.501,0.55,0.462,0.595,0.459,0.089,0.084,0.614,0.504,0.553,0.46,0.595,0.455,0.085,0.085,0.603,0.589,0.67,0.552,0.718,0.481,0.086,0.086,0.086,0.087,0.086,0.087,0.087,0.087,0.087
2060,0.085,0.085,0.085,0.09,0.09,0.087,0.087,0.089,0.084,0.643,0.6,0.676,0.563,0.724,0.085,0.085,0.583,0.502,0.549,0.462,0.595,0.46,0.089,0.084,0.615,0.505,0.553,0.459,0.593,0.456,0.085,0.085,0.604,0.59,0.671,0.552,0.718,0.483,0.086,0.086,0.086,0.087,0.086,0.087,0.087,0.087,0.087
2070,0.085,0.085,0.085,0.09,0.09,0.087,0.087,0.089,0.084,0.645,0.601,0.677,0.564,0.724,0.085,0.085,0.585,0.503,0.549,0.461,0.595,0.462,0.089,0.084,0.617,0.505,0.554,0.458,0.595,0.457,0.085,0.085,0.606,0.591,0.671,0.554,0.719,0.484,0.086,0.086,0.086,0.087,0.086,0.087,0.087,0.087,0.087
2080,0.085,0.085,0.085,0.09,0.09,0.087,0.087,0.089,0.085,0.647,0.602,0.678,0.564,0.724,0.085,0.085,0.587,0.503,0.549,0.46,0.594,0.463,0.09,0.084,0.619,0.505,0.554,0.458,0.594,0.459,0.085,0.085,0.608,0.593,0.672,0.553,0.719,0.486,0.085,0.086,0.086,0.087,0.086,0.087,0.087,0.087,0.087
2090,0.085,0.085,0.085,0.09,0.091,0.087,0.087,0.089,0.084,0.648,0.603,0.679,0.565,0.725,0.085,0.085,0.588,0.503,0.549,0.459,0.594,0.464,0.089,0.084,0.62,0.506,0.554,0.459,0.595,0.46,0.085,0.085,0.61,0.593,0.673,0.553,0.72,0.487,0.085,0.086,0.086,0.087,0.086,0.087,0.087,0.087,0.087
2100,0.085,0.085,0.085,0.09,0.091,0.088,0.087,0.09,0.084,0.649,0.604,0.68,0.564,0.726,0.085,0.085,0.589,0.503,0.55,0.459,0.594,0.466,0.089,0.084,0.621,0.506,0.554,0.457,0.594,0.462,0.085,0.085,0.611,0.594,0.674,0.554,0.72,0.489,0.086,0.086,0.086,0.087,0.086,0.087,0.087,0.087,0.087
2110,0.085,0.085,0.085,0.09,0.091,0.087,0.087,0.089,0.084,0.652,0.605,0.681,0.564,0.727,0.085,0.085,0.591,0.504,0.55,0.459,0.595,0.467,0.089,0.084,0.623,0.506,0.554,0.457,0.594,0.463,0.085,0.085,0.613,0.596,0.675,0.554,0.722,0.49,0.086,0.086,0.086,0.087,0.086,0.087,0.087,0.087,0.087
2120,0.085,0.085,0.085,0.09,0.091,0.087,0.087,0.089,0.084,0.653,0.607,0.681,0.565,0.728,0.085,0.086,0.591,0.504,0.549,0.459,0.594,0.468,0.089,0.084,0.625,0.506,0.554,0.456,0.594,0.464,0.085,0.085,0.615,0.597,0.677,0.555,0.722,0.492,0.086,0.086,0.086,0.087,0.086,0.087,0.087,0.087,0.087
2130,0.085,0.085,0.085,0.09,0.09,0.087,0.087,0.089,0.084,0.655,0.607,0.683,0.565,0.727,0.085,0.086,0.593,0.504,0.55,0.458,0.593,0.469,0.089,0.084,0.625,0.508,0.554,0.457,0.595,0.465,0.085,0.085,0.616,0.598,0.677,0.555,0.722,0.494,0.086,0.086,0.086,0.087,0.086,0.087,0.087,0.087,0.087
2140,0.085,0.085,0.085,0.09,0.09,0.087,0.087,0.089,0.084,0.656,0.609,0.684,0.566,0.728,0.085,0.085,0.594,0.504,0.55,0.458,0.593,0.47,0.089,0.084,0.626,0.507,0.555,0.455,0.594,0.466,0.085,0.085,0.619,0.6,0.679,0.554,0.723,0.495,0.085,0.086,0.086,0.087,0.086,0.087,0.087,0.087,0.087
2150,0.085,0.085,0.085,0.09,0.091,0.087,0.087,0.089,0.085,0.658,0.61,0.684,0.564,0.728,0.085,0.086,0.595,0.505,0.55,0.457,0.593,0.472,0.089,0.084,0.628,0.508,0.554,0.455,0.593,0.468,0.085,0.085,0.62,0.6,0.679,0.556,0.723,0.497,0.086,0.086,0.086,0.087,0.086,0.087,0.087,0.087,0.087
2160,0.085,0.085,0.085,0.09,0.09,0.087,0.087,0.089,0.084,0.66,0.611,0.685,0.565,0.729,0.085,0.086,0.596,0.505,0.55,0.456,0.593,0.472,0.089,0.084,0.629,0.508,0.554,0.454,0.593,0.47,0.085,0.085,0.622,0.602,0.681,0.555,0.724,0.498,0.086,0.086,0.086,0.087,0.086,0.087,0.087,0.087,0.087
2170,0.085,0.085,0.086,0.09,0.09,0.087,0.087,0.089,0.084,0.661,0.612,0.686,0.565,0.729,0.085,0.086,0.597,0.506,0.55,0.456,0.593,0.474,0.089,0.084,0.631,0.509,0.555,0.454,0.593,0.47,0.085,0.085,0.624,0.602,0.681,0.555,0.724,0.5,0.086,0.086,0.086,0.087,0.086,0.087,0.087,0.087,0.087
2180,0.085,0.085,0.085,0.09,0.09,0.087,0.087,0.09,0.084,0.663,0.613,0.687,0.565,0.73,0.085,0.085,0.599,0.506,0.551,0.455,0.593,0.475,0.089,0.084,0.632,0.509,0.554,0.453,0.594,0.472,0.085,0.085,0.625,0.604,0.682,0.556,0.725,0.501,0.086,0.086,0.086,0.087,0.086,0.087,0.087,0.087,0.087
2190,0.085,0.085,0.086,0.09,0.09,0.087,0.087,0.089,0.084,0.664,0.614,0.688,0.566,0.731,0.085,0.086,0.601,0.506,0.55,0.455,0.593,0.476,0.089,0.084,0.633,0.509,0.555,0.453,0.593,0.473,0.085,0.085,0.626,0.605,0.683,0.556,0.725,0.502,0.086,0.086,0.086,0.087,0.086,0.087,0.087,0.087,0.087
2200,0.085,0.085,0.085,0.09,0.09,0.087,0.087,0.09,0.084,0.666,0.615,0.689,0.565,0.731,0.085,0.086,0.601,0.507,0.55,0.455,0.592,0.477,0.089,0.084,0.634,0.509,0.554,0.453,0.592,0.474,0.085,0.085,0.628,0.605,0.684,0.555,0.726,0.503,0.086,0.086,0.086,0.087,0.086,0.087,0.087,0.087,0.087
2210,0.085,0.085,0.085,0.09,0.09,0.087,0.087,0.089,0.084,0.667,0.616,0.69,0.565,0.731,0.085,0.085,0.603,0.507,0.549,0.455,0.592,0.478,0.089,0.084,0.635,0.509,0.555,0.453,0.593,0.475,0.085,0.085,0.629,0.607,0.685,0.556,0.726,0.505,0.086,0.086,0.086,0.087,0.086,0.087,0.087,0.087,0.087
2220,0.085,0.085,0.085,0.09,0.09,0.087,0.087,0.089,0.084,0.669,0.617,0.691,0.565,0.733,0.085,0.085,0.604,0.507,0.551,0.454,0.592,0.481,0.089,0.084,0.636,0.509,0.555,0.452,0.592,0.476,0.085,0.085,0.63,0.608,0.686,0.556,0.726,0.506,0.086,0.086,0.086,0.087,0.086,0.087,0.087,0.087,0.087
2230,0.085,0.085,0.085,0.09,0.09,0.087,0.087,0.089,0.084,0.671,0.618,0.691,0.566,0.732,0.085,0.085,0.605,0.507,0.55,0.454,0.592,0.481,0.089,0.084,0.638,0.51,0.555,0.452,0.593,0.478,0.085,0.085,0.632,0.609,0.687,0.556,0.726,0.508,0.085,0.086,0.086,0.087,0.086,0.087,0.087,0.087,0.087
2240,0.085,0.085,0.085,0.09,0.09,0.087,0.087,0.089,0.084,0.672,0.619,0.692,0.566,0.733,0.085,0.086,0.607,0.507,0.551,0.454,0.592,0.482,0.089,0.084,0.639,0.51,0.555,0.452,0.593,0.478,0.085,0.085,0.634,0.61,0.688,0.557,0.727,0.509,0.086,0.086,0.086,0.087,0.086,0.087,0.087,0.087,0.087
2250,0.085,0.085,0.086,0.09,0.091,0.087,0.087,0.089,0.084,0.673,0.62,0.693,0.566,0.734,0.085,0.085,0.607,0.508,0.551,0.453,0.592,0.484,0.089,0.084,0.641,0.511,0.556,0.452,0.593,0.479,0.085,0.085,0.636,0.612,0.689,0.557,0.728,0.511,0.086,0.086,0.086,0.087,0.086,0.087,0.087,0.087,0.087
2260,0.085,0.085,0.086,0.09,0.09,0.087,0.087,0.089,0.085,0.675,0.622,0.694,0.566,0.734,0.085,0.086,0.609,0.508,0.552,0.453,0.592,0.484,0.089,0.084,0.642,0.511,0.555,0.45,0.593,0.48,0.085,0.085,0.637,0.612,0.69,0.557,0.729,0.512,0.086,0.086,0.086,0.087,0.086,0.087,0.087,0.087,0.087
2270,0.085,0.085,0.085,0.09,0.09,0.087,0.087,0.089,0.085,0.676,0.631,0.695,0.567,0.734,0.085,0.085,0.61,0.508,0.551,0.452,0.594,0.485,0.089,0.084,0.643,0.512,0.556,0.451,0.591,0.482,0.085,0.085,0.638,0.613,0.691,0.556,0.729,0.514,0.086,0.086,0.086,0.087,0.086,0.087,0.087,0.087,0.087
2280,0.085,0.085,0.085,0.09,0.09,0.087,0.087,0.09,0.084,0.678,0.623,0.696,0.567,0.735,0.085,0.086,0.611,0.508,0.55,0.452,0.59,0.487,0.089,0.084,0.644,0.511,0.556,0.45,0.591,0.483,0.085,0.085,0.64,0.614,0.692,0.557,0.73,0.515,0.085,0.086,0.086,0.087,0.086,0.087,0.087,0.087,0.087
2290,0.085,0.085,0.085,0.09,0.09,0.087,0.087,0.09,0.084,0.679,0.624,0.698,0.567,0.735,0.085,0.086,0.612,0.51,0.551,0.452,0.59,0.488,0.089,0.084,0.645,0.512,0.556,0.45,0.592,0.484,0.085,0.085,0.642,0.616,0.692,0.558,0.73,0.516,0.085,0.086,0.086,0.087,0.086,0.087,0.087,0.087,0.087
2300,0.085,0.085,0.086,0.09,0.09,0.087,0.087,0.09,0.084,0.68,0.625,0.698,0.568,0.736,0.085,0.086,0.613,0.509,0.551,0.45,0.591,0.489,0.089,0.084,0.645,0.512,0.556,0.449,0.591,0.485,0.085,0.085,0.643,0.617,0.693,0.557,0.73,0.518,0.086,0.086,0.086,0.087,0.086,0.087,0.087,0.087,0.087
2310,0.085,0.085,0.085,0.09,0.09,0.087,0.087,0.09,0.084,0.682,0.626,0.699,0.568,0.736,0.085,0.086,0.614,0.509,0.551,0.45,0.59,0.49,0.089,0.084,0.647,0.512,0.555,0.448,0.592,0.486,0.085,0.085,0.643,0.618,0.695,0.558,0.73,0.519,0.086,0.086,0.086,0.087,0.086,0.087,0.087,0.087,0.087
2320,0.085,0.085,0.085,0.09,0.091,0.087,0.087,0.089,0.084,0.683,0.626,0.699,0.567,0.736,0.085,0.085,0.615,0.51,0.551,0.45,0.591,0.491,0.089,0.084,0.648,0.512,0.556,0.449,0.591,0.487,0.085,0.085,0.645,0.618,0.696,0.558,0.73,0.521,0.086,0.086,0.086,0.087,0.086,0.087,0.087,0.087,0.087
2330,0.085,0.085,0.085,0.09,0.09,0.087,0.087,0.09,0.084,0.685,0.628,0.7,0.568,0.737,0.085,0.086,0.617,0.51,0.551,0.449,0.59,0.492,0.089,0.084,0.649,0.513,0.556,0.449,0.591,0.488,0.085,0.085,0.647,0.62,0.696,0.558,0.731,0.522,0.086,0.086,0.086,0.087,0.086,0.087,0.087,0.087,0.087
2340,0.085,0.085,0.086,0.09,0.09,0.087,0.087,0.09,0.084,0.686,0.629,0.701,0.568,0.737,0.085,0.086,0.617,0.51,0.55,0.449,0.59,0.493,0.089,0.084,0.65,0.513,0.556,0.448,0.591,0.489,0.085,0.085,0.648,0.62,0.697,0.558,0.731,0.523,0.086,0.086,0.086,0.087,0.086,0.087,0.087,0.087,0.087
2350,0.085,0.085,0.085,0.09,0.091,0.087,0.087,0.09,0.084,0.688,0.63,0.701,0.568,0.738,0.085,0.086,0.618,0.511,0.551,0.449,0.59,0.494,0.089,0.084,0.651,0.513,0.557,0.448,0.59,0.49,0.085,0.085,0.65,0.622,0.698,0.559,0.731,0.524,0.085,0.086,0.086,0.087,0.086,0.087,0.087,0.087,0.087
2360,0.085,0.085,0.085,0.09,0.091,0.087,0.087,0.09,0.084,0.688,0.63,0.702,0.568,0.739,0.085,0.086,0.619,0.511,0.551,0.449,0.589,0.496,0.089,0.084,0.653,0.514,0.556,0.448,0.591,0.492,0.085,0.085,0.651,0.623,0.699,0.559,0.732,0.527,0.086,0.086,0.086,0.087,0.086,0.087,0.087,0.087,0.087
2370,0.085,0.085,0.085,0.09,0.091,0.087,0.087,0.09,0.084,0.69,0.632,0.703,0.568,0.738,0.085,0.086,0.621,0.511,0.551,0.449,0.589,0.496,0.089,0.084,0.653,0.514,0.557,0.447,0.59,0.492,0.085,0.085,0.653,0.624,0.7,0.558,0.732,0.528,0.085,0.086,0.086,0.087,0.086,0.087,0.087,0.087,0.087
2380,0.085,0.085,0.085,0.09,0.091,0.087,0.087,0.09,0.084,0.691,0.633,0.704,0.569,0.739,0.085,0.086,0.622,0.512,0.552,0.449,0.589,0.497,0.089,0.084,0.654,0.514,0.557,0.447,0.591,0.494,0.085,0.085,0.654,0.625,0.7,0.559,0.733,0.529,0.086,0.086,0.086,0.087,0.086,0.087,0.087,0.087,0.087
2390,0.085,0.085,0.085,0.09,0.091,0.087,0.087,0.09,0.084,0.693,0.633,0.705,0.569,0.739,0.085,0.085,0.622,0.512,0.551,0.449,0.588,0.498,0.089,0.084,0.656,0.514,0.556,0.446,0.59,0.494,0.085,0.085,0.656,0.625,0.701,0.56,0.733,0.531,0.086,0.086,0.086,0.087,0.086,0.087,0.087,0.087,0.087
2400,0.085,0.085,0.085,0.09,0.091,0.087,0.087,0.089,0.084,0.695,0.635,0.705,0.569,0.739,0.085,0.086,0.623,0.511,0.552,0.448,0.589,0.499,0.089,0.084,0.657,0.514,0.556,0.447,0.59,0.495,0.085,0.085,0.658,0.626,0.702,0.56,0.733,0.532,0.085,0.086,0.086,0.087,0.086,0.087,0.087,0.087,0.087
2410,0.085,0.085,0.085,0.09,0.09,0.087,0.087,0.09,0.084,0.696,0.635,0.706,0.569,0.74,0.085,0.085,0.625,0.512,0.551,0.448,0.589,0.501,0.089,0.085,0.657,0.515,0.557,0.447,0.589,0.496,0.085,0.085,0.659,0.627,0.703,0.56,0.734,0.533,0.085,0.086,0.086,0.087,0.086,0.087,0.087,0.087,0.087
2420,0.086,0.085,0.085,0.09,0.091,0.087,0.087,0.09,0.084,0.697,0.636,0.706,0.569,0.74,0.085,0.085,0.625,0.512,0.551,0.448,0.588,0.501,0.089,0.084,0.658,0.515,0.557,0.446,0.589,0.497,0.085,0.085,0.66,0.628,0.704,0.56,0.734,0.535,0.086,0.086,0.086,0.087,0.086,0.087,0.087,0.087,0.087
2430,0.085,0.085,0.085,0.09,0.09,0.087,0.087,0.09,0.084,0.698,0.637,0.708,0.57,0.74,0.085,0.085,0.626,0.512,0.551,0.447,0.587,0.502,0.089,0.084,0.659,0.515,0.556,0.446,0.589,0.498,0.085,0.085,0.661,0.629,0.705,0.56,0.735,0.537,0.086,0.086,0.086,0.087,0.086,0.087,0.087,0.087,0.087
2440,0.085,0.085,0.086,0.09,0.09,0.087,0.087,0.089,0.084,0.7,0.639,0.708,0.57,0.741,0.085,0.086,0.627,0.513,0.552,0.447,0.588,0.503,0.089,0.085,0.66,0.516,0.557,0.446,0.589,0.498,0.085,0.085,0.663,0.63,0.706,0.56,0.734,0.537,0.086,0.086,0.086,0.087,0.086,0.087,0.087,0.087,0.087
2450,0.085,0.085,0.085,0.09,0.09,0.087,0.087,0.089,0.084,0.702,0.64,0.709,0.57,0.74,0.085,0.085,0.628,0.513,0.551,0.447,0.589,0.504,0.089,0.084,0.662,0.516,0.557,0.445,0.589,0.499,0.085,0.085,0.664,0.631,0.706,0.561,0.735,0.538,0.086,0.086,0.086,0.087,0.086,0.087,0.087,0.087,0.087
2460,0.085,0.085,0.085,0.09,0.09,0.087,0.087,0.089,0.084,0.702,0.64,0.71,0.569,0.74,0.085,0.085,0.629,0.513,0.551,0.447,0.587,0.504,0.089,0.084,0.662,0.516,0.556,0.445,0.589,0.5,0.085,0.085,0.665,0.632,0.707,0.561,0.735,0.54,0.086,0.086,0.086,0.087,0.086,0.087,0.087,0.087,0.087
2470,0.085,0.085,0.085,0.09,0.091,0.087,0.087,0.09,0.084,0.704,0.641,0.71,0.57,0.741,0.085,0.085,0.63,0.513,0.551,0.446,0.587,0.506,0.089,0.084,0.663,0.516,0.557,0.444,0.587,0.502,0.085,0.085,0.666,0.633,0.708,0.561,0.735,0.541,0.086,0.086,0.086,0.087,0.086,0.087,0.087,0.087,0.087
2480,0.085,0.085,0.085,0.09,0.091,0.087,0.087,0.09,0.084,0.705,0.642,0.711,0.57,0.741,0.085,0.085,0.631,0.514,0.552,0.446,0.587,0.507,0.089,0.085,0.664,0.517,0.556,0.445,0.587,0.503,0.085,0.085,0.668,0.634,0.709,0.561,0.736,0.543,0.086,0.086,0.086,0.087,0.086,0.087,0.087,0.087,0.087
2490,0.085,0.085,0.085,0.09,0.091,0.087,0.087,0.09,0.084,0.706,0.642,0.712,0.571,0.742,0.085,0.085,0.631,0.514,0.552,0.446,0.588,0.508,0.089,0.084,0.665,0.516,0.557,0.445,0.588,0.503,0.085,0.085,0.669,0.635,0.71,0.561,0.735,0.543,0.086,0.086,0.086,0.087,0.086,0.087,0.087,0.087,0.087
2500,0.085,0.085,0.086,0.09,0.091,0.087,0.087,0.089,0.084,0.707,0.644,0.713,0.57,0.741,0.085,0.085,0.633,0.515,0.552,0.446,0.587,0.508,0.089,0.084,0.665,0.517,0.557,0.445,0.588,0.504,0.085,0.085,0.67,0.636,0.71,0.562,0.736,0.545,0.086,0.086,0.086,0.087,0.086,0.086,0.087,0.087,0.087
2510,0.085,0.085,0.086,0.09,0.091,0.088,0.087,0.09,0.084,0.708,0.644,0.713,0.571,0.742,0.085,0.085,0.634,0.514,0.552,0.446,0.587,0.51,0.089,0.085,0.667,0.518,0.557,0.444,0.588,0.506,0.085,0.085,0.671,0.636,0.711,0.562,0.736,0.546,0.086,0.086,0.086,0.087,0.086,0.087,0.087,0.087,0.087
2520,0.085,0.085,0.085,0.09,0.091,0.087,0.087,0.09,0.084,0.709,0.645,0.714,0.571,0.743,0.085,0.086,0.635,0.515,0.552,0.446,0.587,0.51,0.089,0.084,0.667,0.517,0.557,0.445,0.588,0.506,0.085,0.085,0.673,0.638,0.711,0.563,0.736,0.547,0.086,0.086,0.086,0.087,0.086,0.087,0.087,0.087,0.087
2530,0.086,0.085,0.085,0.09,0.091,0.087,0.087,0.09,0.084,0.711,0.646,0.715,0.571,0.743,0.085,0.086,0.635,0.515,0.552,0.445,0.587,0.511,0.089,0.084,0.668,0.518,0.557,0.444,0.588,0.507,0.085,0.085,0.674,0.639,0.713,0.563,0.737,0.548,0.086,0.086,0.086,0.087,0.086,0.087,0.087,0.087,0.087
2540,0.086,0.085,0.085,0.09,0.09,0.087,0.087,0.09,0.084,0.712,0.647,0.716,0.571,0.743,0.085,0.086,0.637,0.516,0.552,0.446,0.588,0.512,0.089,0.084,0.67,0.517,0.557,0.444,0.587,0.508,0.085,0.085,0.675,0.64,0.713,0.563,0.737,0.55,0.086,0.086,0.086,0.087,0.086,0.087,0.087,0.087,0.087
2550,0.085,0.085,0.086,0.09,0.091,0.087,0.087,0.09,0.084,0.714,0.648,0.716,0.571,0.744,0.085,0.086,0.637,0.515,0.552,0.445,0.586,0.513,0.089,0.084,0.671,0.518,0.557,0.444,0.587,0.509,0.085,0.085,0.676,0.64,0.714,0.563,0.737,0.55,0.086,0.086,0.086,0.087,0.086,0.087,0.087,0.087,0.087
2560,0.085,0.085,0.085,0.09,0.09,0.087,0.087,0.09,0.084,0.714,0.649,0.717,0.572,0.744,0.085,0.086,0.638,0.516,0.552,0.444,0.586,0.514,0.089,0.084,0.671,0.518,0.556,0.443,0.586,0.509,0.085,0.085,0.676,0.64,0.715,0.563,0.737,0.552,0.086,0.086,0.086,0.087,0.086,0.087,0.087,0.087,0.087
2570,0.085,0.085,0.085,0.09,0.091,0.087,0.087,0.09,0.084,0.715,0.649,0.717,0.571,0.744,0.085,0.085,0.639,0.516,0.552,0.444,0.586,0.515,0.089,0.084,0.672,0.519,0.557,0.443,0.586,0.511,0.085,0.085,0.678,0.642,0.715,0.563,0.737,0.553,0.086,0.086,0.086,0.087,0.086,0.087,0.087,0.087,0.087
2580,0.085,0.085,0.086,0.09,0.091,0.087,0.087,0.09,0.084,0.716,0.65,0.718,0.572,0.744,0.085,0.085,0.64,0.515,0.552,0.444,0.585,0.516,0.089,0.084,0.672,0.519,0.557,0.443,0.587,0.511,0.085,0.085,0.679,0.643,0.715,0.564,0.737,0.554,0.086,0.086,0.086,0.087,0.086,0.087,0.087,0.087,0.087
2590,0.086,0.085,0.085,0.09,0.09,0.087,0.087,0.09,0.084,0.717,0.652,0.719,0.571,0.744,0.085,0.085,0.641,0.516,0.552,0.444,0.585,0.516,0.089,0.085,0.673,0.519,0.557,0.443,0.586,0.512,0.085,0.085,0.68,0.644,0.716,0.564,0.738,0.555,0.086,0.086,0.086,0.087,0.086,0.087,0.087,0.087,0.087
2600,0.085,0.085,0.086,0.09,0.091,0.087,0.087,0.09,0.084,0.719,0.652,0.72,0.572,0.744,0.085,0.085,0.642,0.516,0.552,0.444,0.585,0.518,0.089,0.084,0.674,0.519,0.557,0.443,0.586,0.513,0.085,0.085,0.681,0.644,0.717,0.564,0.737,0.556,0.086,0.086,0.086,0.087,0.086,0.087,0.087,0.087,0.087
2610,0.086,0.085,0.085,0.09,0.091,0.087,0.087,0.09,0.084,0.72,0.652,0.72,0.572,0.745,0.085,0.085,0.642,0.517,0.552,0.443,0.585,0.518,0.089,0.085,0.675,0.52,0.558,0.443,0.587,0.514,0.085,0.085,0.682,0.645,0.718,0.563,0.739,0.558,0.086,0.086,0.086,0.087,0.086,0.087,0.087,0.087,0.087
2620,0.085,0.085,0.085,0.09,0.091,0.087,0.087,0.09,0.084,0.721,0.653,0.721,0.572,0.745,0.085,0.085,0.643,0.517,0.553,0.443,0.585,0.519,0.089,0.084,0.676,0.519,0.557,0.442,0.586,0.514,0.085,0.085,0.683,0.646,0.719,0.563,0.738,0.558,0.086,0.086,0.086,0.087,0.086,0.087,0.087,0.087,0.087
2630,0.086,0.085,0.085,0.09,0.091,0.087,0.087,0.09,0.084,0.722,0.655,0.722,0.572,0.745,0.085,0.086,0.644,0.517,0.552,0.444,0.585,0.52,0.089,0.084,0.676,0.52,0.558,0.442,0.586,0.516,0.085,0.085,0.684,0.647,0.719,0.565,0.74,0.56,0.086,0.086,0.086,0.087,0.086,0.086,0.087,0.087,0.087
2640,0.085,0.085,0.085,0.09,0.091,0.087,0.087,0.09,0.084,0.723,0.655,0.722,0.573,0.745,0.085,0.085,0.645,0.517,0.553,0.443,0.584,0.52,0.089,0.084,0.677,0.52,0.557,0.442,0.585,0.516,0.085,0.085,0.686,0.647,0.72,0.564,0.739,0.561,0.086,0.086,0.086,0.087,0.086,0.087,0.087,0.087,0.087
2650,0.086,0.085,0.085,0.09,0.091,0.087,0.087,0.09,0.084,0.723,0.656,0.723,0.573,0.747,0.085,0.085,0.646,0.517,0.552,0.442,0.584,0.521,0.089,0.084,0.678,0.519,0.557,0.442,0.585,0.516,0.085,0.085,0.687,0.649,0.72,0.565,0.739,0.561,0.086,0.086,0.086,0.087,0.086,0.087,0.087,0.087,0.087
2660,0.086,0.085,0.085,0.09,0.09,0.087,0.087,0.09,0.084,0.725,0.657,0.724,0.573,0.745,0.085,0.085,0.646,0.518,0.552,0.443,0.584,0.522,0.089,0.084,0.679,0.52,0.557,0.441,0.585,0.518,0.085,0.085,0.688,0.649,0.722,0.564,0.74,0.563,0.086,0.086,0.086,0.087,0.086,0.087,0.087,0.087,0.087
2670,0.086,0.085,0.085,0.09,0.09,0.087,0.087,0.09,0.084,0.726,0.658,0.724,0.573,0.746,0.085,0.085,0.647,0.518,0.552,0.442,0.584,0.523,0.089,0.084,0.68,0.52,0.557,0.441,0.585,0.519,0.085,0.085,0.689,0.65,0.722,0.565,0.74,0.565,0.086,0.086,0.086,0.087,0.086,0.087,0.087,0.087,0.087
2680,0.086,0.085,0.086,0.09,0.091,0.087,0.087,0.09,0.084,0.727,0.658,0.725,0.574,0.747,0.085,0.086,0.648,0.518,0.552,0.442,0.583,0.524,0.089,0.084,0.681,0.52,0.557,0.442,0.584,0.52,0.085,0.085,0.69,0.651,0.723,0.565,0.741,0.566,0.086,0.086,0.086,0.087,0.086,0.087,0.087,0.087,0.087
2690,0.086,0.085,0.086,0.09,0.09,0.088,0.087,0.09,0.084,0.728,0.659,0.725,0.574,0.747,0.085,0.086,0.648,0.518,0.552,0.442,0.585,0.525,0.089,0.085,0.681,0.52,0.558,0.441,0.585,0.521,0.085,0.085,0.692,0.652,0.723,0.565,0.741,0.566,0.086,0.086,0.086,0.087,0.086,0.087,0.087,0.087,0.087
2700,0.085,0.085,0.085,0.09,0.091,0.087,0.087,0.09,0.084,0.729,0.66,0.726,0.573,0.747,0.085,0.085,0.649,0.519,0.552,0.442,0.583,0.526,0.089,0.085,0.682,0.521,0.557,0.441,0.584,0.521,0.085,0.085,0.692,0.653,0.724,0.565,0.741,0.568,0.086,0.086,0.086,0.087,0.086,0.087,0.087,0.087,0.087
2710,0.085,0.085,0.085,0.09,0.09,0.087,0.087,0.09,0.084,0.731,0.66,0.726,0.574,0.747,0.085,0.085,0.649,0.519,0.552,0.442,0.583,0.525,0.089,0.084,0.682,0.521,0.557,0.441,0.584,0.522,0.085,0.085,0.693,0.654,0.725,0.565,0.74,0.569,0.086,0.086,0.086,0.087,0.086,0.086,0.087,0.087,0.087
,,,,,,,,,,,,,,,,,,,,,,,,,,,,,,,,,,,,,,,,,,,,,,,
,,,,,,,,,,,,,,,,,,,,,,,,,,,,,,,,,,,,,,,,,,,,,,,
,,,,,,,,,,,,,,,,,,,,,,,,,,,,,,,,,,,,,,,,,,,,,,,
,,,,,,,,,,,,,,,,,,,,,,,,,,,,,,,,,,,,,,,,,,,,,,,
,,,,,,,,,,,,,,,,,,,,,,,,,,,,,,,,,,,,,,,,,,,,,,,
,,,,,,,,,,,,,,,,,,,,,,,,,,,,,,,,,,,,,,,,,,,,,,,
,,,,,,,,,,,,,,,,,,,,,,,,,,,,,,,,,,,,,,,,,,,,,,,
,,,,,,,,,,,,,,,,,,,,,,,,,,,,,,,,,,,,,,,,,,,,,,,
,,,,,,,,,,,,,,,,,,,,,,,,,,,,,,,,,,,,,,,,,,,,,,,
,,,,,,,,,,,,,,,,,,,,,,,,,,,,,,,,,,,,,,,,,,,,,,,
,,,,,,,,,,,,,,,,,,,,,,,,,,,,,,,,,,,,,,,,,,,,,,,
,,,,,,,,,,,,,,,,,,,,,,,,,,,,,,,,,,,,,,,,,,,,,,,
,,,,,,,,,,,,,,,,,,,,,,,,,,,,,,,,,,,,,,,,,,,,,,,
,,,,,,,,,,,,,,,,,,,,,,,,,,,,,,,,,,,,,,,,,,,,,,,
,,,,,,,,,,,,,,,,,,,,,,,,,,,,,,,,,,,,,,,,,,,,,,,
,,,,,,,,,,,,,,,,,,,,,,,,,,,,,,,,,,,,,,,,,,,,,,,
,,,,,,,,,,,,,,,,,,,,,,,,,,,,,,,,,,,,,,,,,,,,,,,
,,,,,,,,,,,,,,,,,,,,,,,,,,,,,,,,,,,,,,,,,,,,,,,